cust_id,job_id,city_state_id,first_name,last_name,age,gender,credit_score,email,phone,street_num,street_nam
1,146,302,Robbi,McGrotty,48,Genderqueer,745,rmcgrotty0@spiegel.de,425-933-2401,3,Dapin
2,153,39,Heinrik,Ivory,57,Male,724,hivory1@dailymotion.com,510-178-5319,211,Messerschmidt
3,61,121,Iggie,Brogioni,42,Male,848,ibrogioni2@eventbrite.com,208-256-0305,864,Farmco
4,19,305,Frederica,Beeching,50,Female,730,fbeeching3@istockphoto.com,304-899-3547,4183,Beilfuss
5,137,276,Pate,Gert,59,Male,698,pgert4@state.tx.us,713-514-5522,74,Loeprich
6,157,222,Dan,Buzek,33,Genderfluid,845,dbuzek5@ftc.gov,336-969-0488,1,Drewry
7,161,270,Sanson,Troke,37,Male,726,stroke6@sitemeter.com,214-461-5979,9611,Lindbergh
8,87,270,Cristian,Klaaasen,18,Polygender,697,cklaaasen7@creativecommons.org,972-818-4818,427,Novick
9,75,269,Perren,Alyonov,26,Male,803,palyonov8@theguardian.com,361-615-4923,59,Gulseth
10,74,244,Toinette,Dovinson,41,Female,647,tdovinson9@yellowpages.com,412-293-5268,676,Arrowood
11,89,120,Cullie,Kaindl,55,Male,676,ckaindla@auda.org.au,808-634-4512,77029,Michigan
12,143,3,Fae,Shepperd,31,Female,644,fshepperdb@timesonline.co.uk,256-648-9329,8572,Southridge
13,24,276,Bettina,Pisco,60,Female,806,bpiscoc@barnesandnoble.com,713-809-2311,1,Russell
14,71,175,Fee,Suston,23,Male,748,fsustond@soundcloud.com,651-985-7935,79,Prairie Rose
15,81,157,Roxanne,Berndt,37,Female,693,rberndte@who.int,617-206-9281,568,Pleasure
16,19,75,Hesther,Farrell,31,Female,848,hfarrellf@boston.com,202-247-5667,4228,Victoria
17,122,291,Valdemar,Ianniello,44,Male,823,vianniellog@google.it,703-457-3219,73593,Drewry
18,58,81,Stephanus,Holby,51,Male,840,sholbyh@pcworld.com,954-210-8421,14,Green
19,111,176,Chen,Habben,62,Male,782,chabbeni@edublogs.org,763-855-3016,2042,Nova
20,100,92,Kliment,Pounder,63,Male,655,kpounderj@skype.com,305-312-7728,16958,Anniversary
21,6,169,Liz,Springett,49,Female,651,lspringettk@icq.com,810-293-8387,73,Cardinal
22,2,87,Elmer,Banfill,42,Male,649,ebanfilll@msu.edu,904-922-8427,72782,Ramsey
23,22,70,Arielle,Berget,54,Female,693,abergetm@google.es,203-293-9319,3356,Charing Cross
24,22,166,Daphna,Vasilyonok,64,Female,762,dvasilyonokn@reference.com,313-343-9776,24,Messerschmidt
25,65,176,Yvette,Forbes,33,Female,641,yforbeso@cam.ac.uk,651-618-3760,1,Wayridge
26,123,67,Ottilie,Stodit,21,Female,755,ostoditp@wordpress.com,720-791-9411,9,Bashford
27,101,138,Cindelyn,Ales0,20,Genderqueer,722,calesq@youtube.com,515-211-9329,196,Hauk
28,153,49,Norine,Handscombe,21,Female,633,nhandscomber@biblegateway.com,805-792-0132,81323,Scott
29,74,287,Madelon,Pero,37,Female,711,mperos@theguardian.com,254-696-0098,270,Longview
30,87,45,Jennee,Ogers,43,Female,639,jogerst@mtv.com,909-329-0321,294,Cottonwood
31,32,30,Emogene,De Vuyst,30,Female,830,edevuystu@eventbrite.com,310-612-5325,58225,4th
32,88,237,Sig,Sloan,46,Male,753,ssloanv@so-net.ne.jp,405-854-3816,28,Caliangt
33,36,282,Staffard,Satterlee,23,Male,754,ssatterleew@xinhuanet.com,432-301-0548,16327,Waywood
34,108,228,Carlyle,Hansard,31,Male,710,chansardx@phoca.cz,513-317-0992,93,Marquette
35,54,125,Cori,Jeayes,37,Male,821,cjeayesy@mlb.com,312-813-8205,7,Pawling
36,153,107,Ezra,Wolfers,47,Male,665,ewolfersz@msu.edu,813-443-5356,699,Menomonie
37,112,230,Laureen,Fogg,35,Female,660,lfogg10@e-recht24.de,614-209-2717,93,Rockefeller
38,9,219,Loren,Girsch,33,Male,707,lgirsch11@mapy.cz,704-675-6767,88,Golden Leaf
39,13,270,Darren,Drake,25,Male,671,ddrake12@dropbox.com,972-180-2077,3032,Truax
40,134,96,Bibby,Honniebal,61,Female,707,bhonniebal13@vkontakte.ru,407-140-7899,92282,Butterfield
41,33,120,Angelico,Couvet,52,Agender,805,acouvet14@spotify.com,808-987-6887,5506,David
42,64,212,Woody,Del Castello,22,Male,803,wdelcastello15@devhub.com,212-179-3794,5,Gina
43,84,187,Shane,Swynley,66,Male,846,sswynley16@barnesandnoble.com,406-173-3324,97275,Pepper Wood
44,112,11,Skye,Heustice,51,Male,739,sheustice17@dot.gov,928-224-6830,7,Vidon
45,35,171,Horten,Martinovsky,30,Agender,712,hmartinovsky18@paginegialle.it,989-554-7308,72,Morning
46,93,286,Ximenez,MacGray,44,Male,821,xmacgray19@weebly.com,903-233-4548,11940,Sutherland
47,40,75,Lizabeth,Flippini,26,Female,776,lflippini1a@who.int,202-243-7267,2684,Dexter
48,126,181,Cam,Paget,24,Male,707,cpaget1b@icq.com,816-126-6519,9,Mccormick
49,170,182,Blanch,Palatino,26,Bigender,647,bpalatino1c@bigcartel.com,816-900-3079,2498,Sutteridge
50,173,104,Shepperd,Bransby,25,Male,752,sbransby1d@google.co.jp,941-401-1566,1776,Northport
51,141,283,Charles,Bossel,19,Male,757,cbossel1e@goo.ne.jp,210-738-4528,27943,Novick
52,173,148,Cariotta,Whittlesea,26,Female,657,cwhittlesea1f@virginia.edu,225-222-7601,7353,Hintze
53,100,294,Killian,Tunney,48,Male,699,ktunney1g@spiegel.de,757-954-7790,59954,Texas
54,170,44,Karlis,Berth,27,Male,744,kberth1h@shop-pro.jp,916-618-3473,2,Granby
55,162,244,Orly,Nunns,53,Female,708,onunns1i@reverbnation.com,-10307,621,Jackson
56,59,276,Tallie,Hantusch,30,Male,716,thantusch1j@edublogs.org,832-249-5956,83,Montana
57,168,256,Andros,Reece,36,Genderfluid,791,areece1k@ezinearticles.com,605-328-3989,83,Carioca
58,144,276,Rene,Truce,28,Male,797,rtruce1l@europa.eu,713-715-2029,986,Bartelt
59,37,229,Sherrie,Millyard,52,Female,698,smillyard1m@lulu.com,216-714-7543,6912,Londonderry
60,5,51,Kirstyn,Vanderplas,54,Genderqueer,765,kvanderplas1n@cmu.edu,831-362-5040,263,Maywood
61,117,233,Cynde,Richie,24,Female,752,crichie1o@noaa.gov,419-875-2984,59962,Crowley
62,16,259,Geraldine,McCreagh,39,Female,671,gmccreagh1p@hud.gov,901-330-4617,73,Melby
63,24,184,Aldwin,Cockett,19,Male,781,acockett1q@de.vu,417-980-3655,86,Declaration
64,112,269,Emmey,Brierton,40,Female,811,ebrierton1r@barnesandnoble.com,361-295-4501,9346,Summit
65,90,61,Garret,Manners,41,Male,686,gmanners1s@noaa.gov,303-752-7731,858,Transport
66,67,255,York,Westhoff,55,Male,841,ywesthoff1t@slideshare.net,843-573-3203,1671,Southridge
67,88,104,Noby,Rozsa,32,Male,794,nrozsa1u@vistaprint.com,941-233-3952,66055,Lunder
68,100,276,Maggy,Duffer,36,Female,699,mduffer1v@blogger.com,832-817-9845,16305,Dovetail
69,112,212,Price,Greening,21,Male,843,pgreening1w@sciencedirect.com,212-902-0734,15080,Weeping Birch
70,94,230,Aldis,Boyse,54,Male,721,aboyse1x@bluehost.com,614-304-5053,101,Sloan
71,103,154,Leann,Windless,65,Female,742,lwindless1y@comcast.net,410-776-3973,0,Glendale
72,80,292,Quill,Cavee,62,Male,635,qcavee1z@com.com,571-742-7496,76,Dottie
73,36,193,Hi,Kyte,28,Non-binary,685,hkyte20@fc2.com,702-117-3175,13,Carioca
74,105,239,Shalna,Stittle,22,Polygender,798,sstittle21@nba.com,503-305-6743,479,Ronald Regan
75,170,151,Jarrad,OIlier,36,Male,659,joilier22@mapy.cz,504-975-4515,9253,Sunfield
76,138,253,Delcina,Oldknow,58,Female,687,doldknow23@msu.edu,803-551-9642,59696,Green Ridge
77,113,217,Prudy,Novotna,61,Female,630,pnovotna24@prnewswire.com,914-727-4647,57653,Thompson
78,36,268,Janis,Astlet,56,Female,690,jastlet25@macromedia.com,979-632-2076,673,Magdeline
79,101,2,Lek,Cashford,54,Male,693,lcashford26@technorati.com,256-189-1137,563,Laurel
80,39,17,Otis,Isselee,40,Male,650,oisselee27@dagondesign.com,501-220-8386,72290,Dixon
81,137,289,Dominga,Simmonds,62,Female,833,dsimmonds28@nifty.com,801-218-1511,8,Autumn Leaf
82,30,272,Clotilda,Du Pre,57,Genderqueer,673,cdupre29@webs.com,915-960-1004,19,Nova
83,89,147,Leicester,Faucett,48,Male,729,lfaucett2a@buzzfeed.com,318-332-4214,870,Myrtle
84,142,64,Kirstin,Seeley,28,Female,715,kseeley2b@storify.com,303-429-6379,871,Linden
85,25,212,Prinz,Schwandner,49,Male,819,pschwandner2c@adobe.com,212-195-6204,5,Corry
86,127,57,Sherlocke,Pickles,42,Male,774,spickles2d@ftc.gov,213-368-2344,50,Sauthoff
87,93,178,Clari,Blakden,30,Female,701,cblakden2e@harvard.edu,601-526-3759,13049,Arrowood
88,23,175,Burton,Clubbe,31,Male,805,bclubbe2f@technorati.com,763-942-9348,722,Leroy
89,157,219,Cherilynn,Shulem,21,Female,632,cshulem2g@ucsd.edu,704-843-7929,95280,Jackson
90,81,273,Kaspar,Marklew,29,Male,741,kmarklew2h@hubpages.com,682-865-4767,8,Waubesa
91,37,246,Juliette,Proud,41,Agender,772,jproud2i@howstuffworks.com,570-554-9882,817,Lerdahl
92,57,252,Gizela,Guitt,54,Female,673,gguitt2j@mozilla.org,843-901-9544,78,Hoffman
93,136,244,Alejandra,Davenhall,63,Female,827,adavenhall2k@instagram.com,412-180-2881,87,Merchant
94,162,120,Ileane,Pinkerton,25,Female,671,ipinkerton2l@google.cn,808-315-5107,805,Algoma
95,67,257,Freddie,Millyard,25,Male,688,fmillyard2m@plala.or.jp,423-481-6927,29484,Amoth
96,175,90,Tucker,Grishakin,65,Male,834,tgrishakin2n@chron.com,863-148-7382,1649,Kipling
97,168,272,Rock,Drewry,37,Male,774,rdrewry2o@cnbc.com,915-630-7596,944,Stone Corner
98,97,283,Viv,Graveson,49,Bigender,794,vgraveson2p@apache.org,210-567-5670,4,Superior
99,135,75,Angeline,Adamiak,41,Bigender,843,aadamiak2q@walmart.com,202-805-0428,13992,Magdeline
100,144,112,Cathleen,Dupre,29,Female,734,cdupre2r@symantec.com,404-866-9584,2,Service
101,173,245,Eal,Whiffen,34,Male,834,ewhiffen2s@nps.gov,484-257-7045,6,Sachs
102,87,67,Eamon,Menault,43,Male,733,emenault2t@businessinsider.com,720-522-9943,638,Londonderry
103,172,243,Gerry,Chezelle,60,Male,786,gchezelle2u@barnesandnoble.com,215-738-6087,64,Mallory
104,111,261,Ami,MacAlroy,41,Female,850,amacalroy2v@stanford.edu,615-528-9894,8692,Reinke
105,176,297,Demetrius,Maisey,30,Male,749,dmaisey2w@1688.com,757-101-9327,9,School
106,162,74,Bucky,Cawkill,21,Male,759,bcawkill2x@dmoz.org,302-576-1511,4825,Iowa
107,14,125,Grace,Amyes,18,Male,655,gamyes2y@ycombinator.com,312-692-4115,7641,Kedzie
108,168,45,Iormina,Cumberlidge,35,Female,778,icumberlidge2z@nyu.edu,909-538-9650,618,Fisk
109,12,201,Odelle,Ebourne,56,Genderqueer,843,oebourne30@constantcontact.com,505-802-4623,47441,Mallory
110,73,276,Lorry,Casoni,23,Male,640,lcasoni31@psu.edu,281-383-6296,32435,Anniversary
111,19,244,Janelle,Crabb,65,Female,630,jcrabb32@devhub.com,724-970-1404,0,Arapahoe
112,61,272,Heidi,Horry,37,Female,801,hhorry33@mapy.cz,915-829-0586,8,Bayside
113,99,94,Linn,Islep,28,Female,687,lislep34@pinterest.com,239-761-7275,73,Lien
114,124,189,Marian,Lermouth,51,Female,804,mlermouth35@hao123.com,712-474-8229,18093,Pennsylvania
115,154,291,Bron,Warsop,55,Male,826,bwarsop36@uol.com.br,571-545-8509,575,Waxwing
116,96,112,Rozanne,Flawn,41,Female,709,rflawn37@flickr.com,404-452-0295,42454,Straubel
117,101,258,Mariann,Henden,27,Female,697,mhenden38@theatlantic.com,865-870-1168,3770,Scofield
118,14,209,Jo,Jacombs,21,Male,793,jjacombs39@1688.com,516-920-2310,5,Stoughton
119,123,44,Duncan,Rumens,48,Agender,648,drumens3a@hhs.gov,916-318-1911,1,Packers
120,121,222,Allyn,Jerrams,20,Agender,745,ajerrams3b@hc360.com,336-125-0467,15,North
121,106,289,Judah,Ronchi,63,Male,736,jronchi3c@washington.edu,801-591-6049,51,Fairfield
122,121,239,George,Pudney,26,Female,743,gpudney3d@quantcast.com,971-284-9783,83,Rigney
123,110,272,Elyn,Iddiens,34,Genderqueer,823,eiddiens3e@ucla.edu,915-267-6764,674,Walton
124,136,128,Davida,Milton,26,Bigender,714,dmilton3f@delicious.com,309-106-7339,56,Brown
125,153,245,Ker,Hedman,65,Male,773,khedman3g@webmd.com,610-769-8170,88,North
126,56,233,Pavia,Goulder,30,Female,630,pgoulder3h@jigsy.com,419-756-5082,6,Macpherson
127,59,252,Tansy,Cresser,48,Female,684,tcresser3i@hostgator.com,843-342-9000,30,Sage
128,40,76,William,McVrone,18,Male,714,wmcvrone3j@webnode.com,954-573-6909,3608,Schurz
129,22,44,Chicky,Maplethorpe,44,Female,683,cmaplethorpe3k@wordpress.com,530-714-8253,967,American Ash
130,86,167,Saw,Stodhart,64,Agender,765,sstodhart3l@mayoclinic.com,734-305-0042,35,Carberry
131,116,92,Lind,Piwall,62,Male,682,lpiwall3m@weibo.com,786-960-1301,842,Sugar
132,124,14,Lora,MacNab,63,Female,818,lmacnab3n@narod.ru,520-705-0610,70,Sachs
133,138,200,Addison,Huikerby,23,Male,689,ahuikerby3o@guardian.co.uk,609-382-9544,1,Bonner
134,134,46,Crin,Gouldstraw,33,Genderfluid,840,cgouldstraw3p@ft.com,858-482-5516,2194,Esker
135,74,283,Bentley,Fretter,52,Male,822,bfretter3q@xrea.com,210-398-5173,2,Ryan
136,99,152,Stan,Hayward,50,Male,636,shayward3r@webs.com,318-900-9420,158,Cherokee
137,10,257,Warden,Iori,18,Male,819,wiori3s@eepurl.com,423-625-3557,91729,Pleasure
138,60,239,Felecia,Waters,22,Female,792,fwaters3t@moonfruit.com,208-732-7672,73963,Utah
139,71,103,Tarra,Brabant,39,Female,847,tbrabant3u@cyberchimps.com,727-840-8865,59158,2nd
140,15,97,Gordan,Adamec,51,Male,725,gadamec3v@umich.edu,321-286-4143,62826,Toban
141,1,273,Berkley,Barr,66,Male,805,bbarr3w@nsw.gov.au,817-802-7283,5,Maryland
142,104,212,Steffane,Tucsell,56,Bigender,775,stucsell3x@goo.gl,917-965-6760,70833,Tomscot
143,89,14,Kelila,Stebbings,19,Female,766,kstebbings3y@census.gov,520-826-4757,7,Corscot
144,99,8,Ebba,Bicksteth,64,Polygender,720,ebicksteth3z@marriott.com,907-807-7843,84095,Linden
145,133,1,Mata,Elecum,42,Male,656,melecum40@nifty.com,205-426-1768,4469,Golf Course
146,121,5,Britteny,Martygin,54,Female,825,bmartygin41@ucoz.ru,334-871-3413,3042,Chinook
147,14,224,Travus,Skeete,33,Polygender,782,tskeete42@wisc.edu,336-884-3046,9,Elka
148,172,283,Pris,Rigden,42,Female,636,prigden43@intel.com,210-586-4725,6880,Browning
149,75,143,Larry,Lalevee,54,Genderfluid,802,llalevee44@biglobe.ne.jp,316-261-2385,286,Northridge
150,130,149,Eddie,Youdell,34,Bigender,715,eyoudell45@salon.com,337-236-8108,2931,Corry
151,73,278,Jacky,McPhelimey,58,Female,632,jmcphelimey46@redcross.org,214-562-7614,3,2nd
152,120,112,Nero,Farndell,62,Male,756,nfarndell47@disqus.com,404-456-3122,22,Thompson
153,128,118,Ramsey,Tickel,65,Male,807,rtickel48@nps.gov,478-299-0216,6700,4th
154,177,185,Isiahi,Caldicott,18,Polygender,792,icaldicott49@yahoo.com,406-771-1148,82,Pankratz
155,14,250,Ricardo,Fraczek,54,Male,636,rfraczek4a@auda.org.au,864-728-7373,6,Esker
156,23,75,Lynsey,Cryer,31,Female,754,lcryer4b@dagondesign.com,202-642-6273,159,Crownhardt
157,22,289,Ansel,Gerdes,42,Agender,782,agerdes4c@clickbank.net,801-364-3306,33,Bluestem
158,174,178,Rafaelita,Boik,26,Female,758,rboik4d@ning.com,601-883-3674,868,East
159,70,30,Cicely,Delea,61,Female,787,cdelea4e@quantcast.com,310-955-4173,0,Onsgard
160,100,233,Isa,Baylie,54,Female,630,ibaylie4f@reddit.com,419-926-2193,82365,Talmadge
161,83,237,Edna,Nichol,41,Bigender,813,enichol4g@geocities.com,405-884-6752,927,Dunning
162,129,303,Norrie,Vost,39,Female,835,nvost4h@marketwatch.com,509-565-9536,37335,Pearson
163,162,121,Bren,Leopold,61,Female,792,bleopold4i@abc.net.au,208-935-2603,78,Hoard
164,48,115,Mord,Antonich,45,Male,672,mantonich4j@wsj.com,678-360-5375,8,Old Shore
165,108,103,Bowie,Spinola,23,Male,663,bspinola4k@t.co,727-466-6748,29,Stang
166,35,10,Erina,Baugh,62,Female,692,ebaugh4l@chronoengine.com,602-573-2112,81,Sachtjen
167,111,103,Holly-anne,Sheals,54,Female,682,hsheals4m@shareasale.com,727-911-8887,376,Morningstar
168,62,138,Rudd,Lyddiatt,50,Male,798,rlyddiatt4n@businessweek.com,515-619-2068,54,Dwight
169,114,120,Judith,Gawkes,63,Female,844,jgawkes4o@bbb.org,808-379-4461,99,Dovetail
170,150,243,Rodina,Sommerlie,33,Female,767,rsommerlie4p@amazon.com,215-551-6848,797,Park Meadow
171,74,126,Hannah,Yuryshev,25,Female,653,hyuryshev4q@goo.ne.jp,618-552-0047,45743,Prairie Rose
172,52,167,Mady,Havers,25,Bigender,726,mhavers4r@qq.com,313-701-4249,8695,Steensland
173,39,272,Brit,Davidman,42,Non-binary,808,bdavidman4s@devhub.com,915-327-8887,815,Blackbird
174,36,272,Terrill,Revens,23,Non-binary,712,trevens4t@tinypic.com,915-840-9810,500,Dennis
175,139,75,Pavia,Shadwick,38,Female,677,pshadwick4u@wufoo.com,202-564-6036,74904,Blackbird
176,125,265,Charmane,Melior,28,Female,692,cmelior4v@narod.ru,512-657-6347,2,Dorton
177,69,184,Darlene,Hansell,60,Female,780,dhansell4w@time.com,417-567-1984,2,Fairview
178,109,306,Abby,Dauby,18,Genderqueer,691,adauby4x@ucoz.com,304-468-9592,8674,Evergreen
179,66,181,Carmelina,Feldheim,58,Female,754,cfeldheim4y@sfgate.com,816-276-2696,2693,Logan
180,92,62,Ade,Asple,24,Male,787,aasple4z@macromedia.com,303-209-6297,8,Clove
181,71,299,Gweneth,Andell,56,Polygender,728,gandell50@people.com.cn,540-703-4070,4,Prairieview
182,153,303,Martin,Harrhy,36,Male,698,mharrhy51@jimdo.com,509-229-9269,4984,Aberg
183,59,63,Yard,Duly,25,Male,741,yduly52@altervista.org,719-924-2143,32,Manufacturers
184,174,70,Allister,Kyston,50,Male,748,akyston53@google.fr,203-676-0213,75795,Eastwood
185,87,183,Sascha,Gleadhall,57,Agender,808,sgleadhall54@oaic.gov.au,314-643-1749,8669,Homewood
186,122,243,Lorenza,Purselowe,23,Female,798,lpurselowe55@google.ru,267-700-6908,51067,Atwood
187,91,89,Obediah,Coughan,65,Male,673,ocoughan56@wordpress.org,727-951-8543,42,Hauk
188,135,104,Agnola,Menichini,40,Female,693,amenichini57@examiner.com,941-630-4289,779,Carpenter
189,1,157,Al,Bogaert,46,Polygender,802,abogaert58@yahoo.com,617-814-2800,1,Bayside
190,83,212,Adrea,Severns,29,Female,668,aseverns59@weibo.com,212-885-3491,3,Clemons
191,178,87,Enoch,MacDonald,59,Male,816,emacdonald5a@columbia.edu,904-258-1165,41876,Hermina
192,159,12,Rodger,Dundendale,60,Male,808,rdundendale5b@prnewswire.com,623-919-7023,3894,Upham
193,153,151,Nev,Harby,35,Male,812,nharby5c@diigo.com,504-885-9931,90429,Shopko
194,80,234,Jenda,Peachey,63,Female,752,jpeachey5d@woothemes.com,330-118-3926,1,Heffernan
195,46,26,Paulina,Gonthier,44,Genderqueer,748,pgonthier5e@nih.gov,714-906-9136,41857,Lerdahl
196,66,163,Daryle,Charlon,54,Male,824,dcharlon5f@fc2.com,508-398-8791,731,Mendota
197,142,303,Matthaeus,Granger,39,Male,696,mgranger5g@dropbox.com,509-812-0562,8723,Debra
198,151,298,Abel,Suddaby,29,Male,814,asuddaby5h@china.com.cn,804-653-0110,598,Granby
199,126,272,Timmy,Cratere,56,Female,667,tcratere5i@vinaora.com,915-167-2870,1444,Service
200,158,42,Dorene,Mechan,21,Non-binary,722,dmechan5j@csmonitor.com,626-957-1914,7321,Trailsway
201,22,144,Tammy,Glenny,30,Male,789,tglenny5k@apache.org,859-784-6163,704,Warner
202,168,265,Angelle,Arzu,24,Female,753,aarzu5l@mail.ru,361-890-2270,771,Memorial
203,37,100,Shelden,Fallowfield,31,Male,800,sfallowfield5m@jalbum.net,754-656-7412,9,Oakridge
204,19,229,Clarissa,Ruos,50,Female,804,cruos5n@google.pl,216-931-2888,1,Annamark
205,122,87,Jedd,Hansom,33,Male,691,jhansom5o@chicagotribune.com,904-938-6394,73313,Golf
206,109,133,Kim,Robroe,60,Female,659,krobroe5p@mozilla.org,317-475-8969,717,Riverside
207,114,63,Marguerite,Pfaff,22,Female,839,mpfaff5q@shutterfly.com,719-252-6515,40,Morrow
208,164,40,Arabele,Mayberry,30,Polygender,774,amayberry5r@google.ru,714-164-4249,20772,Eggendart
209,136,81,Xever,Serot,23,Male,814,xserot5s@sfgate.com,954-307-9864,5599,Loftsgordon
210,136,234,Darlleen,Oxshott,64,Female,671,doxshott5t@squarespace.com,330-312-8452,6,3rd
211,70,119,Cristiano,MacElroy,18,Male,733,cmacelroy5u@patch.com,912-596-0853,1816,Everett
212,170,45,Kristoffer,Craiker,48,Male,710,kcraiker5v@techcrunch.com,951-630-1301,4,Sutteridge
213,68,14,Cole,Stener,25,Polygender,829,cstener5w@newyorker.com,520-374-4124,726,Sutteridge
214,90,219,Linnet,Sends,38,Female,794,lsends5x@dailymail.co.uk,704-695-7280,37072,Park Meadow
215,139,95,Wylma,Chilver,21,Genderqueer,697,wchilver5y@imgur.com,941-557-9674,9,Old Gate
216,47,154,Sinclair,Ramiro,45,Male,770,sramiro5z@foxnews.com,410-683-4185,7976,Dorton
217,173,46,Claiborn,Glyne,64,Male,729,cglyne60@360.cn,619-219-0358,33593,Chinook
218,89,272,Vera,Tidey,53,Female,754,vtidey61@so-net.ne.jp,915-968-3161,7445,Kennedy
219,172,175,Heywood,Ugoletti,52,Male,719,hugoletti62@ezinearticles.com,612-400-0900,90,Lerdahl
220,20,181,Gardie,Bradborne,52,Male,659,gbradborne63@mysql.com,816-485-2372,972,Eliot
221,1,34,Bearnard,Lafontaine,41,Male,678,blafontaine64@dailymail.co.uk,424-412-7598,3983,Express
222,109,297,Ches,Monery,24,Male,677,cmonery65@spiegel.de,757-346-3430,9,Annamark
223,116,228,Kalindi,Gradley,56,Female,839,kgradley66@webnode.com,513-400-8599,22530,Lakewood Gardens
224,64,49,Rutger,Mesant,66,Male,799,rmesant67@webeden.co.uk,805-385-7431,9,Center
225,13,64,Hussein,Fodden,31,Male,814,hfodden68@blogs.com,303-466-9350,72,Warner
226,90,192,Marjy,MacKill,37,Female,657,mmackill69@google.nl,702-198-3041,827,Eastwood
227,1,38,Jimmy,Geane,62,Non-binary,834,jgeane6a@microsoft.com,213-285-7417,416,Bayside
228,113,54,Connie,Goldthorpe,62,Female,715,cgoldthorpe6b@mail.ru,530-899-2188,97,Lien
229,74,238,Zebulon,Benardette,36,Male,636,zbenardette6c@posterous.com,918-501-7835,3,Columbus
230,17,75,Vassily,Gynn,36,Male,834,vgynn6d@about.com,202-392-0652,93723,Walton
231,170,283,Colver,Blackeby,66,Male,708,cblackeby6e@networksolutions.com,210-363-4431,804,Vermont
232,183,160,Meriel,Camier,61,Female,772,mcamier6f@cornell.edu,413-323-4576,93604,Vahlen
233,183,276,Nikolas,Gambrell,53,Male,642,ngambrell6g@go.com,713-399-6747,6,Browning
234,111,131,Urbano,Kmietsch,25,Genderfluid,827,ukmietsch6h@theglobeandmail.com,812-296-0722,675,Sundown
235,52,233,Thornie,Sawdy,27,Male,794,tsawdy6i@live.com,419-418-4988,9,Fairfield
236,2,67,Gradeigh,Wiley,64,Male,678,gwiley6j@disqus.com,303-651-2210,8,Russell
237,35,237,Bev,Doveston,22,Male,697,bdoveston6k@aboutads.info,405-336-9810,9820,Burrows
238,55,171,Broddie,Lillicrop,58,Male,695,blillicrop6l@ucla.edu,989-526-5417,62,Canary
239,23,239,Glenda,Sebring,65,Female,633,gsebring6m@furl.net,503-152-2727,20,Merry
240,142,96,Garwood,Dixson,56,Male,783,gdixson6n@disqus.com,407-423-8755,1425,Dottie
241,64,298,Camella,Brasener,54,Female,709,cbrasener6o@sfgate.com,804-762-4116,83,Raven
242,54,298,Zollie,Bidnall,34,Male,739,zbidnall6p@live.com,804-500-7539,74,High Crossing
243,14,75,Arlina,Blomefield,28,Female,655,ablomefield6q@comsenz.com,202-637-6797,941,Carey
244,58,1,Cord,Soigne,62,Male,639,csoigne6r@oracle.com,205-481-3793,9,Hagan
245,54,204,Nikos,Marmion,63,Male,736,nmarmion6s@redcross.org,718-984-6415,99531,Michigan
246,169,263,Quintana,Tribell,49,Female,835,qtribell6t@uiuc.edu,806-861-2248,524,Superior
247,130,75,Chloe,Tincey,60,Female,729,ctincey6u@cbsnews.com,202-336-4757,89056,Milwaukee
248,74,47,Isidor,Coggles,39,Male,654,icoggles6v@eepurl.com,415-790-0248,8573,Weeping Birch
249,138,201,Peder,Iveson,26,Male,678,piveson6w@dagondesign.com,505-421-8763,6,Bluestem
250,158,210,Angele,Oager,38,Female,791,aoager6x@businessinsider.com,718-614-9906,92,Sloan
251,145,212,Alexandrina,Ballaam,44,Female,850,aballaam6y@linkedin.com,212-708-4952,579,Dapin
252,138,107,Gabi,Gauthorpp,20,Male,695,ggauthorpp6z@desdev.cn,813-874-3014,3218,Comanche
253,64,206,Lesley,Hackney,24,Male,700,lhackney70@fastcompany.com,716-957-5953,7500,Holy Cross
254,109,19,Rex,Liddiatt,60,Male,848,rliddiatt71@yolasite.com,714-217-6107,54,Kingsford
255,157,238,Mia,Rolfe,43,Female,694,mrolfe72@stumbleupon.com,918-741-4615,984,Bluejay
256,142,44,Jamie,Kierans,36,Male,752,jkierans73@wordpress.com,916-619-9581,6421,Bayside
257,89,142,Bendick,Cuffley,61,Male,684,bcuffley74@microsoft.com,785-244-2636,3682,Iowa
258,122,213,Tadio,Brandel,38,Male,798,tbrandel75@columbia.edu,585-359-9876,4425,1st
259,89,92,Jaynell,Bampkin,21,Female,667,jbampkin76@gnu.org,305-175-2113,9,Dakota
260,57,14,Corrine,Wedgwood,62,Female,786,cwedgwood77@dailymail.co.uk,520-148-2232,39801,6th
261,39,98,Peggy,Rigden,19,Female,844,prigden78@360.cn,850-976-9974,96761,Sutteridge
262,127,193,Padraig,Parcells,64,Genderfluid,820,pparcells79@google.ru,702-581-6647,34258,Pierstorff
263,138,69,Kandy,Ravel,49,Female,635,kravel7a@live.com,860-208-6099,62032,Acker
264,172,304,Jessa,Sole,65,Female,703,jsole7b@amazon.de,253-458-9723,2,Londonderry
265,92,278,Trevor,Bountiff,59,Genderfluid,668,tbountiff7c@nbcnews.com,214-247-3229,6,Eliot
266,59,152,Violet,Hierro,43,Female,807,vhierro7d@sohu.com,318-703-9282,2,Knutson
267,141,297,Colin,McGuggy,48,Male,833,cmcguggy7e@fastcompany.com,757-323-8322,790,Lighthouse Bay
268,20,16,Frederico,Huthart,30,Male,836,fhuthart7f@free.fr,501-993-3695,67,Brickson Park
269,52,248,Sofie,Nelsen,57,Female,671,snelsen7g@about.com,717-482-1842,96,Delladonna
270,67,240,Amble,Oakenfull,66,Male,827,aoakenfull7h@omniture.com,610-485-2347,9397,Stuart
271,27,63,Drucy,Kertess,62,Female,709,dkertess7i@behance.net,719-596-4194,75592,Bellgrove
272,138,109,Crystie,Piell,66,Female,758,cpiell7j@twitpic.com,561-628-4021,3,Eastlawn
273,58,112,Penn,Quarton,30,Male,838,pquarton7k@histats.com,404-227-7417,7,Rutledge
274,87,157,Shoshanna,Ellershaw,59,Female,799,sellershaw7l@noaa.gov,617-524-7501,4,Gale
275,87,212,Federico,Colquhoun,22,Male,692,fcolquhoun7m@cnn.com,646-510-2628,0,Clyde Gallagher
276,135,27,Elnar,Medcalfe,66,Male,780,emedcalfe7n@reference.com,818-464-2708,82576,Fairview
277,55,107,Chere,Beckers,50,Female,804,cbeckers7o@ifeng.com,813-672-4998,471,Anniversary
278,57,48,Jordan,Thomazet,47,Male,769,jthomazet7p@instagram.com,408-560-4965,4878,Tennessee
279,144,246,Ulrick,Arundale,40,Male,671,uarundale7q@stanford.edu,570-505-7403,7,Graceland
280,93,69,Wyatt,Wollen,61,Male,780,wwollen7r@businessweek.com,860-149-5944,1495,Badeau
281,171,272,Gretel,Gibby,65,Genderqueer,656,ggibby7s@themeforest.net,915-563-7771,73352,Anderson
282,71,75,Eldredge,Robbins,56,Male,700,erobbins7t@dyndns.org,202-296-5528,968,Goodland
283,50,102,Carroll,Brockman,47,Male,670,cbrockman7u@google.fr,941-942-7490,79,Sauthoff
284,168,152,Raeann,Smallpeace,31,Female,735,rsmallpeace7v@whitehouse.gov,318-686-0433,163,Talmadge
285,22,1,Davie,Padly,19,Male,640,dpadly7w@123-reg.co.uk,205-248-9589,7,Tennessee
286,53,146,Boot,Folger,32,Male,682,bfolger7x@home.pl,502-102-2254,2,Vernon
287,85,244,Querida,Church,53,Polygender,664,qchurch7y@unc.edu,412-378-3357,2,Mandrake
288,110,173,Noellyn,Liggons,60,Female,655,nliggons7z@facebook.com,218-472-7792,56,Drewry
289,86,4,Kari,Baroc,22,Female,635,kbaroc80@woothemes.com,251-737-2407,8767,Vermont
290,16,12,Neale,Nelson,26,Male,630,nnelson81@economist.com,480-160-0118,52,Spaight
291,22,298,Mervin,Hackly,33,Male,643,mhackly82@google.ru,804-149-6261,7,Merry
292,123,125,Jada,Bradneck,31,Bigender,729,jbradneck83@latimes.com,312-119-4813,44,Monterey
293,67,223,Danny,Pavlovic,30,Female,740,dpavlovic84@opera.com,919-765-3606,7,Veith
294,169,48,Reynard,Cahalin,65,Male,787,rcahalin85@spotify.com,408-580-8518,906,Summit
295,89,256,Robb,Ducket,57,Genderfluid,754,rducket86@csmonitor.com,605-475-8615,744,Stoughton
296,178,1,Noe,Skinner,32,Male,696,nskinner87@diigo.com,205-249-1576,19886,Elgar
297,49,46,Hersch,Gwyn,61,Male,768,hgwyn88@mlb.com,858-879-0036,2,Twin Pines
298,59,112,Ferguson,Firby,43,Male,737,ffirby89@ucsd.edu,404-983-7018,233,Grasskamp
299,20,47,Delila,Karppi,43,Female,780,dkarppi8a@statcounter.com,415-411-9170,253,Rockefeller
300,109,276,Kris,Smooth,55,Male,704,ksmooth8b@ca.gov,713-134-8563,6139,Monica
301,90,197,Ainslie,Sofe,58,Female,696,asofe8c@ask.com,908-235-9839,7,Merchant
302,104,179,Shina,Shillitoe,29,Female,768,sshillitoe8d@timesonline.co.uk,601-263-1646,1011,Russell
303,23,284,Giffer,Sainer,44,Male,810,gsainer8e@examiner.com,281-359-1999,5202,Surrey
304,136,92,Cheryl,Sarjant,42,Female,774,csarjant8f@cocolog-nifty.com,305-916-0393,2,Roth
305,65,3,Horacio,Koschek,66,Male,807,hkoschek8g@google.co.jp,256-894-2688,27,Coleman
306,37,219,Dacie,Gillbey,29,Female,751,dgillbey8h@smugmug.com,704-521-5966,355,Nancy
307,99,307,Yolanthe,Caslane,65,Female,843,ycaslane8i@clickbank.net,304-755-5545,50,Linden
308,124,137,Ferdinande,Spilsbury,56,Agender,808,fspilsbury8j@admin.ch,563-252-1273,68856,Scott
309,71,220,Thatcher,Belch,49,Male,699,tbelch8k@t.co,919-297-9435,15,Cherokee
310,47,57,Johny,Copnar,61,Male,812,jcopnar8l@spiegel.de,213-582-1776,955,Dexter
311,127,158,Chauncey,Duval,32,Male,800,cduval8m@state.gov,339-674-3759,2233,Maryland
312,121,57,Nicholas,Erington,60,Male,792,nerington8n@pagesperso-orange.fr,323-572-7345,24777,Green Ridge
313,2,237,Guenevere,Fruser,52,Female,764,gfruser8o@cnbc.com,405-232-1325,218,Summit
314,108,270,Sadye,Brownsea,27,Female,747,sbrownsea8p@stumbleupon.com,469-946-7513,55,Declaration
315,52,125,Titos,Pancost,21,Male,707,tpancost8q@histats.com,312-115-4354,63558,Lighthouse Bay
316,113,250,Niall,Coulthart,32,Male,808,ncoulthart8r@naver.com,864-210-8235,596,Arizona
317,65,96,Lynnett,Scotchforth,40,Female,817,lscotchforth8s@tripod.com,407-208-8017,43556,Comanche
318,94,221,Dorene,Lusty,63,Female,663,dlusty8t@arstechnica.com,910-316-4179,3,Carpenter
319,180,270,Carleen,Moorey,27,Female,761,cmoorey8u@goo.gl,214-116-2406,70,Sommers
320,14,89,Obadias,Penwarden,52,Male,846,openwarden8v@tuttocitta.it,727-347-6635,527,1st
321,14,241,Sunny,Mallinar,66,Male,835,smallinar8w@plala.or.jp,717-511-6972,9284,Weeping Birch
322,161,7,Ody,Llewhellin,43,Agender,801,ollewhellin8x@sbwire.com,907-792-7766,58,Straubel
323,130,245,Ripley,Kenningham,56,Male,643,rkenningham8y@virginia.edu,484-664-8767,159,Caliangt
324,71,167,Maurice,Taberer,34,Male,722,mtaberer8z@businessweek.com,313-136-0769,4,West
325,87,39,Marje,McBeth,50,Female,643,mmcbeth90@businessweek.com,510-857-9930,5202,Melby
326,24,80,Opal,Bellward,50,Female,662,obellward91@etsy.com,813-798-1933,8978,Doe Crossing
327,36,310,Sasha,Attwood,61,Male,643,sattwood92@sciencedirect.com,414-825-2009,6396,Scott
328,136,284,Jard,Hay,35,Male,721,jhay93@independent.co.uk,713-129-6149,1,Macpherson
329,168,283,Brice,Whetson,37,Genderfluid,814,bwhetson94@wordpress.org,210-117-7910,93,Kropf
330,116,81,Berni,Pischoff,66,Female,733,bpischoff95@bravesites.com,754-772-2287,5,Elmside
331,37,202,Yorgos,Keoghan,47,Male,682,ykeoghan96@huffingtonpost.com,505-866-5245,99,Elgar
332,173,283,Lesli,Hovenden,50,Bigender,710,lhovenden97@sogou.com,210-127-3247,3816,Lighthouse Bay
333,18,228,Darcie,Todman,26,Bigender,771,dtodman98@gravatar.com,513-935-4956,59713,Buena Vista
334,110,65,Benn,Worthy,25,Male,633,bworthy99@patch.com,303-152-1232,6823,Dixon
335,106,75,Mikaela,Matschoss,62,Female,752,mmatschoss9a@macromedia.com,202-859-1344,46274,Ronald Regan
336,87,67,Lilian,Gerardot,57,Female,649,lgerardot9b@mit.edu,720-709-3555,22,Moulton
337,169,14,Stefano,Cargenven,61,Male,798,scargenven9c@chicagotribune.com,520-210-7166,93,Redwing
338,20,283,Tootsie,Barnsley,62,Female,717,tbarnsley9d@taobao.com,210-373-6899,2450,Clemons
339,87,249,Maurizio,Munning,19,Male,642,mmunning9e@goo.ne.jp,401-946-9723,9053,Debra
340,46,239,Richardo,Hacaud,48,Male,632,rhacaud9f@salon.com,503-233-9724,94748,Kennedy
341,86,75,Arden,Whightman,23,Female,698,awhightman9g@cyberchimps.com,202-278-5887,81243,Manufacturers
342,1,71,Nicholle,Butterfield,20,Female,671,nbutterfield9h@patch.com,203-631-0155,575,Oak Valley
343,112,3,Bay,Rowlings,37,Male,794,browlings9i@bloglines.com,256-253-0653,4179,Ramsey
344,140,133,Rodd,Blanpein,55,Male,664,rblanpein9j@xing.com,317-830-5988,34,Sundown
345,8,276,Dana,Craighill,43,Female,847,dcraighill9k@friendfeed.com,281-833-2115,1192,Washington
346,19,92,Wynny,Kember,21,Female,807,wkember9l@webeden.co.uk,786-323-9460,419,Ruskin
347,94,61,Donavon,Maasze,61,Male,785,dmaasze9m@google.co.uk,303-302-0586,18398,Gale
348,166,107,Bridie,McGirl,26,Female,671,bmcgirl9n@angelfire.com,813-361-7631,59,Florence
349,111,59,Simon,Curnick,19,Male,832,scurnick9o@shinystat.com,626-847-0072,28,Monument
350,1,302,Alyse,Aristide,31,Female,647,aaristide9p@constantcontact.com,206-576-0783,51,Golf Course
351,137,43,Zia,Lindsey,45,Female,689,zlindsey9q@bizjournals.com,510-946-3994,5,Sloan
352,111,270,Domini,Gahan,56,Female,807,dgahan9r@yahoo.com,214-762-6499,28,Ramsey
353,140,284,Tobe,McNamee,61,Female,730,tmcnamee9s@mozilla.com,713-937-7427,1464,Texas
354,43,289,Phaidra,Lindwall,63,Female,639,plindwall9t@google.pl,801-526-3168,3638,Roxbury
355,88,66,Kevyn,Embling,64,Female,745,kembling9u@symantec.com,970-636-1439,8,Mcguire
356,150,73,Lynsey,Burgwin,62,Genderqueer,743,lburgwin9v@over-blog.com,302-612-1663,8506,Anzinger
357,74,144,Terrance,Coultous,23,Male,666,tcoultous9w@patch.com,859-529-6554,8,Lindbergh
358,172,231,Paige,Bonafacino,55,Female,845,pbonafacino9x@yahoo.co.jp,937-498-2094,7509,Darwin
359,152,125,Horatio,Altoft,41,Male,806,haltoft9y@storify.com,708-830-7318,599,Butternut
360,70,81,Mary,Condell,41,Female,805,mcondell9z@intel.com,754-974-0702,666,Forest Run
361,14,244,Alf,Maddin,18,Male,749,amaddina0@princeton.edu,412-661-7817,1,Autumn Leaf
362,144,10,Laurie,Ascraft,46,Female,655,lascrafta1@surveymonkey.com,602-602-9524,380,Lillian
363,12,75,Willette,McIlveen,48,Female,662,wmcilveena2@alexa.com,202-487-9458,8,Bayside
364,104,119,Germaine,Enden,54,Female,675,gendena3@slate.com,912-453-3019,68,Knutson
365,110,44,Charlton,Rolf,45,Male,809,crolfa4@yandex.ru,916-335-3043,853,Manley
366,24,80,Wallace,Polland,28,Male,639,wpollanda5@blog.com,727-637-3037,4,Pine View
367,75,22,Ryley,Wilne,54,Male,780,rwilnea6@archive.org,626-633-6832,5862,Nancy
368,148,183,Shela,Dance,53,Female,674,sdancea7@odnoklassniki.ru,314-157-8910,4848,Southridge
369,153,76,Mina,Troillet,30,Non-binary,670,mtroilleta8@shareasale.com,561-928-0588,52020,Moose
370,1,230,Irving,Jerson,35,Male,832,ijersona9@meetup.com,614-515-4384,760,Pierstorff
371,163,176,Andreana,Ockwell,24,Female,820,aockwellaa@instagram.com,651-237-7292,8,Springs
372,75,270,Preston,Zaniolo,63,Male,653,pzanioloab@google.com.au,903-271-6849,3,Farragut
373,109,138,Honey,Stormes,34,Female,683,hstormesac@bbb.org,515-133-0133,612,Drewry
374,112,228,Sherye,Dabel,20,Female,751,sdabelad@simplemachines.org,513-446-2664,23,Annamark
375,168,253,Rheta,Clegg,46,Female,653,rcleggae@artisteer.com,803-593-3028,1,Ruskin
376,40,81,Nathanael,Kite,31,Male,687,nkiteaf@hao123.com,754-850-5557,28233,Sauthoff
377,155,310,Morse,Caveney,30,Male,715,mcaveneyag@trellian.com,414-744-0644,5992,Becker
378,133,279,Harp,Ericssen,59,Male,658,hericssenah@bloglovin.com,254-750-7402,61,Oneill
379,80,112,Gweneth,Prescote,28,Female,787,gprescoteai@ox.ac.uk,404-938-5134,3,Hazelcrest
380,142,306,Suellen,Scutts,44,Female,843,sscuttsaj@addtoany.com,304-251-5283,3747,Crest Line
381,52,1,Florella,Bezants,28,Genderqueer,645,fbezantsak@digg.com,205-713-9796,3,Reinke
382,24,216,Emmott,Fairburn,47,Male,736,efairburnal@nbcnews.com,315-123-3697,94256,Dexter
383,159,52,Fina,Ketch,43,Female,691,fketcham@go.com,310-715-3570,7797,Vera
384,35,276,Robbie,Goodenough,21,Male,838,rgoodenoughan@skype.com,713-214-2001,21,Parkside
385,126,306,Ula,Renyard,60,Female,648,urenyardao@acquirethisname.com,304-492-5827,345,Glendale
386,129,44,Pen,Moggach,26,Female,751,pmoggachap@weather.com,916-108-8822,88,Warner
387,131,270,Hayes,Kilmister,26,Male,666,hkilmisteraq@ycombinator.com,214-602-5747,425,Autumn Leaf
388,26,46,Chane,Devitt,66,Male,846,cdevittar@storify.com,619-771-9456,8,Burning Wood
389,124,25,Dominic,Reoch,44,Male,767,dreochas@livejournal.com,714-882-3951,15310,Warrior
390,171,270,Mitchell,O'Haire,27,Male,762,mohaireat@networkadvertising.org,214-703-2491,9780,Annamark
391,108,175,Auguste,Longbothom,46,Female,813,alongbothomau@hp.com,612-583-3210,5,Acker
392,144,272,Calv,Dulanty,30,Male,802,cdulantyav@toplist.cz,915-766-2414,0,Southridge
393,183,7,Penelopa,Danelutti,55,Female,745,pdaneluttiaw@ow.ly,907-499-7943,63,Eastlawn
394,87,237,Lina,Evens,28,Female,786,levensax@cbc.ca,405-740-1640,2740,Lake View
395,103,98,Nadine,Karle,49,Female,664,nkarleay@disqus.com,850-949-2087,45,Trailsway
396,46,138,Constantine,McGillreich,56,Female,686,cmcgillreichaz@diigo.com,515-707-3997,4,Longview
397,41,201,Minette,Bilsford,39,Female,812,mbilsfordb0@example.com,505-818-3172,84,Valley Edge
398,67,13,Viole,Doorbar,46,Female,836,vdoorbarb1@globo.com,480-824-4722,557,Derek
399,3,270,Desiree,Bowerman,52,Female,692,dbowermanb2@digg.com,972-106-3813,857,Vahlen
400,163,92,Allene,Andrzejak,56,Female,782,aandrzejakb3@51.la,786-350-5442,8,Golf Course
401,153,213,Tobye,Petras,30,Female,665,tpetrasb4@skyrock.com,585-451-4175,0,Loomis
402,56,23,Marni,Weiser,24,Female,750,mweiserb5@nature.com,530-726-7583,1,Crowley
403,143,192,Sharyl,Fieldsend,66,Female,772,sfieldsendb6@live.com,702-826-1806,79553,Porter
404,18,183,Redd,Arpino,55,Non-binary,639,rarpinob7@vimeo.com,314-248-7789,7,Bashford
405,105,181,Mervin,Millberg,57,Male,714,mmillbergb8@moonfruit.com,816-960-0322,126,Canary
406,108,132,Pearce,Westrip,59,Male,821,pwestripb9@cornell.edu,260-244-7406,52601,Warner
407,137,305,Tessie,Archbutt,57,Female,731,tarchbuttba@dmoz.org,304-187-6742,1128,Rutledge
408,19,75,Hill,Riches,31,Genderfluid,815,hrichesbb@biglobe.ne.jp,202-669-9620,5732,Sheridan
409,66,263,Shirleen,Bodd,27,Female,848,sboddbc@theguardian.com,806-621-0170,94474,Hauk
410,172,265,Philbert,Lamming,36,Genderqueer,797,plammingbd@cdc.gov,512-368-3575,30602,Macpherson
411,170,241,Gavrielle,Millier,49,Female,764,gmillierbe@un.org,717-270-9375,44,Westport
412,136,21,Jarrad,Gambrell,22,Male,832,jgambrellbf@netscape.com,714-196-1795,946,Grim
413,100,47,Diahann,Buckeridge,49,Female,680,dbuckeridgebg@devhub.com,858-253-0084,2,Valley Edge
414,111,265,Danya,Clackson,41,Male,646,dclacksonbh@yahoo.co.jp,512-471-7042,8183,Mccormick
415,137,151,Tomaso,Borkett,24,Male,794,tborkettbi@harvard.edu,985-173-9922,5384,Knutson
416,47,154,Tedman,Bucktrout,28,Male,804,tbucktroutbj@dion.ne.jp,443-270-6810,2897,Sugar
417,127,86,Jereme,Balassa,66,Male,846,jbalassabk@studiopress.com,786-485-8039,93,Eastwood
418,88,133,Gibby,Sheather,32,Male,648,gsheatherbl@wunderground.com,317-306-1539,62990,Alpine
419,107,253,Dame,Harget,52,Male,838,dhargetbm@angelfire.com,803-803-6029,82289,Maywood
420,140,196,Toni,Dumigan,49,Female,822,tdumiganbn@eventbrite.com,603-313-1085,28,East
421,47,92,Augie,Harrie,19,Male,631,aharriebo@adobe.com,786-332-1544,50,Golf
422,58,56,Mallory,Cardenoso,53,Male,711,mcardenosobp@vistaprint.com,818-902-0111,18,Basil
423,142,94,Gusella,Edden,62,Female,759,geddenbq@amazon.co.jp,941-541-0701,5547,Becker
424,68,281,Darelle,Squires,45,Female,790,dsquiresbr@opera.com,214-187-8307,56,Norway Maple
425,67,135,Marlane,Fishleigh,45,Female,794,mfishleighbs@yahoo.co.jp,574-373-1771,1,Hintze
426,97,92,Samuel,Pretley,41,Male,637,spretleybt@examiner.com,786-763-8899,220,Saint Paul
427,76,282,Angelita,Wrighton,39,Female,632,awrightonbu@multiply.com,432-820-3118,97726,Carioca
428,171,251,Cathi,Charity,38,Female,780,ccharitybv@cloudflare.com,843-394-7476,34,Evergreen
429,28,199,Kris,Shires,65,Male,737,kshiresbw@lulu.com,862-337-4092,92227,Lukken
430,92,47,Tova,Pavolini,45,Female,743,tpavolinibx@angelfire.com,415-825-5049,6,Summerview
431,108,68,Mano,Snoddin,19,Genderqueer,773,msnoddinby@dell.com,203-905-5718,855,Southridge
432,85,114,Colman,Croyser,47,Male,738,ccroyserbz@ow.ly,706-306-7019,9,Main
433,47,131,Penny,Blyden,58,Female,675,pblydenc0@rediff.com,812-787-7073,4,Oak
434,168,177,Cathyleen,Hackly,32,Female,673,chacklyc1@g.co,952-783-9015,95,Lighthouse Bay
435,40,118,Erhart,Devorill,52,Genderfluid,805,edevorillc2@arizona.edu,478-902-6336,888,David
436,130,168,Saunders,Filipyev,50,Male,757,sfilipyevc3@ted.com,248-100-4847,36541,Shasta
437,9,96,Kane,Lenaghen,34,Male,841,klenaghenc4@cam.ac.uk,407-943-0001,5,Di Loreto
438,70,10,Sammy,D'Aeth,62,Male,823,sdaethc5@artisteer.com,602-632-6536,2,Anhalt
439,53,44,Cordelie,Born,33,Female,755,cbornc6@biglobe.ne.jp,916-438-6515,63585,Norway Maple
440,152,19,Kylie,Tabourel,37,Male,728,ktabourelc7@fastcompany.com,714-620-4443,0,Redwing
441,139,75,Cristal,Fransewich,50,Female,793,cfransewichc8@harvard.edu,202-428-5820,240,Hazelcrest
442,54,141,Ody,McGoon,60,Male,737,omcgoonc9@webmd.com,913-810-4317,3,Tennyson
443,142,84,Charissa,McEwan,30,Female,648,cmcewanca@archive.org,305-452-4979,43,Doe Crossing
444,155,277,Tyrus,Ewells,45,Male,676,tewellscb@slashdot.org,936-664-2963,71,Onsgard
445,68,253,Dianemarie,Gores,40,Female,721,dgorescc@sitemeter.com,803-135-9179,424,Armistice
446,89,206,Jenelle,Arnason,27,Female,689,jarnasoncd@addtoany.com,716-690-6289,34,Moose
447,143,163,Lolly,Fortnam,56,Female,787,lfortnamce@blogtalkradio.com,508-193-5570,236,Kennedy
448,77,183,Melisent,Voisey,25,Female,659,mvoiseycf@ed.gov,314-429-2411,63,Vidon
449,138,259,Julie,Blaza,47,Male,653,jblazacg@newsvine.com,901-732-7647,6308,Manley
450,50,154,Amabelle,Dyhouse,54,Female,748,adyhousech@woothemes.com,410-517-8004,247,Vernon
451,81,290,Burch,Lelliott,30,Male,821,blelliottci@behance.net,571-230-7458,809,Bultman
452,88,14,Trey,Cumbers,23,Male,685,tcumberscj@google.com.br,520-306-0141,48,Lukken
453,109,129,Hermann,Hexham,26,Male,655,hhexhamck@instagram.com,217-579-7125,5,Bobwhite
454,163,238,Grannie,Spinetti,50,Male,683,gspinetticl@umich.edu,918-423-3237,85,Acker
455,48,203,Shana,Greenman,40,Female,702,sgreenmancm@fema.gov,518-289-2205,6416,Merrick
456,90,200,Morly,Giggie,22,Male,743,mgiggiecn@webs.com,609-918-2876,39197,Bonner
457,33,80,Benedict,Bariball,20,Male,813,bbariballco@army.mil,727-490-5682,5903,Welch
458,109,125,Yvon,Rude,33,Male,654,yrudecp@paginegialle.it,773-997-3673,85359,Blaine
459,99,219,Daniella,Taylo,26,Female,736,dtaylocq@army.mil,704-774-5685,44,Chinook
460,81,75,Marlane,Darlison,42,Female,669,mdarlisoncr@bluehost.com,202-865-7210,4983,Forest
461,70,273,Cristobal,Mueller,39,Male,816,cmuellercs@posterous.com,817-359-0432,54,Luster
462,89,274,Nevile,Daybell,22,Male,691,ndaybellct@canalblog.com,409-438-6264,918,Derek
463,142,142,Brandais,Haskur,39,Genderqueer,631,bhaskurcu@bbb.org,785-311-3029,6117,West
464,170,44,Erma,Tabord,44,Female,757,etabordcv@1und1.de,916-390-1016,87,Badeau
465,142,69,Dannel,Pygott,41,Male,734,dpygottcw@businessweek.com,860-126-7084,6,Donald
466,117,212,Dante,Gauge,27,Male,669,dgaugecx@oakley.com,212-775-6390,206,Truax
467,54,270,Pebrook,Gabriel,61,Bigender,692,pgabrielcy@pcworld.com,214-987-7872,67,Sloan
468,22,247,Ralf,Went,60,Male,637,rwentcz@squarespace.com,570-804-3784,1,Talmadge
469,103,259,Dulsea,Carefull,60,Female,800,dcarefulld0@shutterfly.com,901-963-6812,4516,Declaration
470,179,92,Cassaundra,Lanston,60,Female,834,clanstond1@nifty.com,786-546-7690,343,Shelley
471,18,40,Courtenay,Churchin,25,Female,670,cchurchind2@dot.gov,714-542-9554,1,Village
472,107,4,Viva,Trusty,54,Female,647,vtrustyd3@360.cn,251-593-4195,507,Hooker
473,153,36,Ruth,Getsham,58,Female,849,rgetshamd4@huffingtonpost.com,951-437-7401,6,Dovetail
474,87,272,Cassy,Gilroy,26,Female,807,cgilroyd5@wordpress.org,915-571-4432,8,Marquette
475,107,30,Gottfried,Nizard,51,Male,725,gnizardd6@purevolume.com,310-813-8443,30306,Sauthoff
476,38,215,Putnam,Bridle,37,Male,699,pbridled7@amazon.co.jp,718-374-9109,22,Bashford
477,109,228,Jeannine,Sellar,42,Female,690,jsellard8@bloomberg.com,513-153-4851,5,Main
478,139,91,Torrence,Pinare,62,Male,680,tpinared9@domainmarket.com,321-546-3000,5,Talmadge
479,20,133,Raynor,Hearon,27,Male,635,rhearonda@youku.com,317-196-7824,9763,Arapahoe
480,80,267,Thatcher,Gawkroge,57,Male,837,tgawkrogedb@tripod.com,979-726-5466,5,Milwaukee
481,95,298,Bel,Bridge,42,Female,791,bbridgedc@netlog.com,757-306-4197,4,Randy
482,104,244,Conrade,Strathern,32,Male,688,cstratherndd@europa.eu,412-915-2464,917,Summit
483,176,168,Sonni,Iacoviello,43,Female,724,siacoviellode@drupal.org,248-938-3502,23899,Cordelia
484,129,296,Gregorio,Leary,36,Male,804,glearydf@multiply.com,434-153-9250,0,Manufacturers
485,120,252,Eal,Stormont,22,Male,740,estormontdg@comcast.net,843-697-1622,60393,Loftsgordon
486,21,125,Kandace,Morecombe,25,Female,641,kmorecombedh@acquirethisname.com,773-595-1136,6,Elmside
487,40,75,Kele,Martins,23,Male,823,kmartinsdi@tamu.edu,202-939-3743,5973,Myrtle
488,140,286,Jameson,Blenkharn,37,Male,844,jblenkharndj@weather.com,903-872-2633,778,Beilfuss
489,84,270,Ramsey,Toderini,61,Male,718,rtoderinidk@google.co.jp,469-183-7872,21192,Dwight
490,126,280,Rochell,Ilyukhov,56,Female,739,rilyukhovdl@businessweek.com,806-384-5865,98642,Vermont
491,50,152,Lennie,Piscot,56,Male,704,lpiscotdm@sun.com,318-622-8284,4,Kinsman
492,173,57,Henry,Charrett,39,Male,648,hcharrettdn@washingtonpost.com,661-754-7954,95,Amoth
493,107,272,Pamelina,Kershaw,37,Agender,636,pkershawdo@icq.com,915-383-9962,1,Amoth
494,95,298,Maximilianus,Maple,28,Male,631,mmapledp@wisc.edu,804-670-1304,59,Oak
495,94,70,Free,Wessing,52,Male,815,fwessingdq@yolasite.com,203-507-0441,73328,Tennessee
496,19,187,Natty,Anstis,52,Female,753,nanstisdr@cnbc.com,406-326-3113,559,Porter
497,80,294,Violette,Sisse,20,Female,774,vsisseds@blogspot.com,757-294-8009,33,Havey
498,174,273,Buddie,Corry,29,Male,758,bcorrydt@weibo.com,682-121-7804,1279,Vernon
499,93,244,Domenico,Ohanessian,44,Male,727,dohanessiandu@marketwatch.com,412-517-6567,53,Independence
500,127,112,Grantham,Hellin,28,Non-binary,793,ghellindv@flickr.com,404-245-9590,7,Jackson
501,88,112,Aldin,Scoyne,28,Male,803,ascoynedw@salon.com,404-658-9265,3,Di Loreto
502,167,56,Markus,MacSwayde,64,Male,683,mmacswaydedx@narod.ru,310-719-4553,582,Continental
503,63,190,Fidel,Rutter,29,Male,755,frutterdy@tmall.com,775-392-2005,3,Sullivan
504,4,273,Arv,Harbron,51,Male,842,aharbrondz@nps.gov,817-512-8512,7951,Dwight
505,94,223,Tansy,Covil,61,Female,682,tcovile0@weibo.com,919-428-4949,98972,Nova
506,45,189,Sandy,Cyples,36,Male,811,scyplese1@ucoz.ru,402-387-3524,152,Grayhawk
507,84,229,Prissie,Barlas,44,Female,835,pbarlase2@google.co.jp,216-338-5638,47,Tennyson
508,107,272,Crichton,Plain,66,Male,733,cplaine3@odnoklassniki.ru,915-532-6185,3353,Springview
509,59,270,Frank,Caukill,20,Male,761,fcaukille4@newyorker.com,214-856-7299,3,Eliot
510,52,270,Arleen,Kavanagh,64,Female,753,akavanaghe5@facebook.com,214-445-8169,17,Hanson
511,91,20,Sayre,Ellerman,42,Male,820,sellermane6@home.pl,661-495-2041,780,Washington
512,144,189,Babita,Dearell,47,Bigender,705,bdearelle7@shop-pro.jp,402-915-2746,58829,Erie
513,37,31,Carrissa,Edmonds,32,Female,834,cedmondse8@bloomberg.com,949-853-7580,462,South
514,127,63,Renado,Dyzart,42,Male,836,rdyzarte9@jiathis.com,719-549-4675,75339,Novick
515,36,294,Brodie,Bracci,63,Male,799,bbracciea@slashdot.org,757-136-1763,1,Springs
516,121,44,Florida,Glossup,58,Female,838,fglossupeb@msn.com,916-699-5527,72,Nova
517,181,219,Barthel,Kennler,61,Bigender,847,bkennlerec@stumbleupon.com,704-177-5302,58191,Bowman
518,167,34,Marie-jeanne,Blaksley,55,Female,807,mblaksleyed@xinhuanet.com,626-384-2041,57,Lakeland
519,75,20,Gannie,Quantrell,63,Male,815,gquantrellee@angelfire.com,661-978-8994,2,Green
520,38,228,Fabio,FitzGeorge,50,Male,745,ffitzgeorgeef@alibaba.com,513-657-9206,8802,Mitchell
521,157,157,Stu,Lghan,24,Male,676,slghaneg@unicef.org,617-810-0453,30,Kennedy
522,142,33,Carlie,Knocker,27,Male,752,cknockereh@elegantthemes.com,562-821-6704,7702,Lighthouse Bay
523,130,290,Coretta,O'Rowane,50,Genderqueer,803,corowaneei@alexa.com,202-383-9808,99902,Eastlawn
524,90,20,Stephenie,Rankine,37,Female,707,srankineej@cocolog-nifty.com,661-578-6654,681,Daystar
525,67,305,Freddy,Gilffilland,36,Female,820,fgilffillandek@amazon.co.jp,304-971-5265,8193,Spaight
526,90,305,Kip,Emlen,56,Male,674,kemlenel@army.mil,304-726-9603,748,Charing Cross
527,1,179,Saw,O' Neligan,32,Male,836,soneliganem@cbslocal.com,601-462-6107,7,Express
528,46,130,Jacynth,Molloy,41,Female,694,jmolloyen@php.net,765-407-6603,14,Oakridge
529,149,90,Caleb,Gittins,49,Agender,807,cgittinseo@joomla.org,239-861-1905,6693,Fisk
530,96,75,Malissia,Berthelmot,23,Bigender,662,mberthelmotep@ucoz.ru,202-334-0110,363,Marcy
531,100,104,Skylar,Rewcassell,56,Male,765,srewcasselleq@tripod.com,941-708-2986,29882,Towne
532,18,114,Anna-diane,Ryle,64,Female,821,aryleer@pen.io,706-499-6495,1,Arkansas
533,23,271,Guglielmo,Lerhinan,23,Male,699,glerhinanes@cloudflare.com,940-797-8657,1310,Roxbury
534,81,1,Anselm,Flasby,35,Male,688,aflasbyet@slate.com,205-338-4972,669,Moland
535,39,181,Andy,Kittoe,62,Male,757,akittoeeu@springer.com,816-517-7731,19,Waubesa
536,19,270,Liv,Hitzschke,27,Female,632,lhitzschkeev@comcast.net,214-282-7961,47,Heffernan
537,165,228,Corenda,Flecknell,61,Female,742,cflecknellew@reuters.com,513-828-5500,10,Sommers
538,173,160,Chere,Bambrugh,37,Genderqueer,781,cbambrughex@paginegialle.it,413-619-9374,52,Arapahoe
539,14,112,Rheba,Diwell,36,Female,843,rdiwelley@sitemeter.com,678-910-0126,58,Spenser
540,66,87,Arline,Olliar,66,Female,639,aolliarez@senate.gov,904-606-3496,956,Walton
541,124,288,Boycey,Ison,63,Male,691,bisonf0@dyndns.org,940-704-4544,81,6th
542,71,287,Phillipe,Nerne,51,Male,678,pnernef1@dmoz.org,254-757-2103,8381,Mariners Cove
543,24,143,Lynde,Ferrarini,45,Non-binary,666,lferrarinif2@oaic.gov.au,316-576-0572,0,Rutledge
544,68,139,Phyllis,Hardacre,36,Genderqueer,742,phardacref3@examiner.com,319-693-1742,11750,West
545,158,107,Vania,Huntington,39,Genderqueer,807,vhuntingtonf4@cnet.com,813-872-4739,113,Elgar
546,24,227,Leela,Ezele,20,Female,661,lezelef5@intel.com,234-916-5084,2486,Warbler
547,168,95,Leontyne,Vasentsov,61,Female,735,lvasentsovf6@europa.eu,941-337-1837,5,Victoria
548,54,1,Addi,Peasnone,64,Female,753,apeasnonef7@cornell.edu,205-347-3649,6203,Morningstar
549,59,8,Torin,Deveril,26,Male,710,tdeverilf8@mayoclinic.com,907-549-8707,28037,Menomonie
550,28,92,Melloney,Startin,23,Genderfluid,644,mstartinf9@reddit.com,305-569-7241,7,Muir
551,52,298,Hobard,Hixley,54,Male,783,hhixleyfa@is.gd,804-305-0579,1,Anhalt
552,72,9,Way,Duignan,32,Male,657,wduignanfb@bbb.org,602-504-0116,1995,High Crossing
553,20,219,Donnie,Fone,42,Male,772,dfonefc@tmall.com,704-197-5445,576,Grim
554,154,41,Jozef,Hardeman,32,Male,834,jhardemanfd@hud.gov,805-813-4101,5,Pearson
555,127,200,Denver,Pimblotte,40,Male,760,dpimblottefe@simplemachines.org,609-227-8304,51702,Tennyson
556,65,105,Dulci,Baly,66,Agender,763,dbalyff@dell.com,352-928-7402,16,Pearson
557,120,125,Melita,Kovelmann,56,Female,809,mkovelmannfg@huffingtonpost.com,312-727-8197,8876,Moland
558,98,60,Vivian,Blaes,27,Female,780,vblaesfh@qq.com,303-189-7875,5741,Hanover
559,74,96,Alwin,Hallybone,66,Male,653,ahallybonefi@vk.com,321-434-8684,61372,Loomis
560,172,299,Susan,Laterza,24,Female,781,slaterzafj@canalblog.com,540-890-1407,0,Northridge
561,90,253,Klemens,Wolsey,53,Male,818,kwolseyfk@uol.com.br,803-583-0319,21,Derek
562,121,83,Gabey,Mound,39,Female,833,gmoundfl@pbs.org,352-435-1369,57430,Monument
563,107,144,Cherin,Culbert,45,Female,694,cculbertfm@cafepress.com,859-114-1165,8128,Messerschmidt
564,66,72,Jodi,Shipp,23,Female,657,jshippfn@foxnews.com,860-742-3630,53,Clyde Gallagher
565,173,253,Gaelan,Scattergood,45,Male,832,gscattergoodfo@apple.com,803-690-5460,972,Crest Line
566,142,75,Letizia,Lugard,47,Female,799,llugardfp@nsw.gov.au,202-873-6169,933,Buena Vista
567,100,107,Irvine,Pomfrey,24,Male,661,ipomfreyfq@pinterest.com,813-646-2784,4,Sommers
568,32,1,Kellby,Leyson,22,Male,719,kleysonfr@utexas.edu,205-851-6530,55,Red Cloud
569,141,29,Dion,Duberry,33,Female,814,dduberryfs@buzzfeed.com,714-870-6953,83999,Pleasure
570,138,44,Cullin,Stygall,38,Male,828,cstygallft@hud.gov,916-928-8419,6,Shoshone
571,41,19,Elle,Dixsee,52,Female,840,edixseefu@google.it,714-494-3105,131,Westerfield
572,94,174,Jodie,Michael,65,Male,712,jmichaelfv@is.gd,763-452-9666,4414,Bartelt
573,103,153,Dennet,Aysik,36,Male,691,daysikfw@about.me,301-289-5806,9,Bluejay
574,15,233,Luise,Balazin,23,Female,810,lbalazinfx@jigsy.com,419-391-0091,72,Susan
575,92,276,Leontyne,Simmen,58,Genderqueer,707,lsimmenfy@un.org,832-185-2615,9,Monica
576,19,138,Nada,Hebson,64,Female,750,nhebsonfz@privacy.gov.au,515-130-5866,721,Scoville
577,46,131,Muffin,Tasker,34,Female,706,mtaskerg0@de.vu,812-484-1243,8678,Gateway
578,85,7,Kyrstin,Freddi,54,Female,711,kfreddig1@sitemeter.com,907-503-0022,2,Lukken
579,70,221,Vivie,Eliff,37,Female,811,veliffg2@berkeley.edu,910-381-5798,3,American
580,136,141,Pennie,Prendeville,57,Male,813,pprendevilleg3@mtv.com,913-692-7804,97,Summerview
581,104,183,Patti,Greber,44,Female,725,pgreberg4@businessweek.com,314-406-6879,8121,Killdeer
582,181,99,Wesley,Matic,26,Male,751,wmaticg5@comcast.net,850-329-1573,43624,Golf View
583,37,228,Jessey,Ringsell,47,Male,698,jringsellg6@hp.com,513-513-1692,6,Declaration
584,162,283,Alvin,Spurden,43,Male,694,aspurdeng7@pagesperso-orange.fr,210-159-9963,9,Old Gate
585,145,20,Markos,Etter,51,Agender,656,metterg8@ycombinator.com,661-552-9810,28557,Norway Maple
586,11,272,Renate,Dwelly,47,Female,728,rdwellyg9@godaddy.com,915-707-0369,565,Talmadge
587,46,88,Jeanna,McGrale,66,Female,726,jmcgralega@opera.com,407-147-8206,507,Redwing
588,87,213,Rickie,Odcroft,36,Female,666,rodcroftgb@prlog.org,585-768-9440,45,Monterey
589,62,125,Clair,Westhoff,20,Male,832,cwesthoffgc@diigo.com,312-631-3064,39154,Red Cloud
590,112,136,Riley,Lindblom,65,Male,742,rlindblomgd@tuttocitta.it,319-485-8208,2892,Ridgeview
591,54,148,Gun,Lawful,38,Male,700,glawfulge@github.io,225-475-1391,5,Texas
592,39,134,Rona,Ranyard,45,Female,774,rranyardgf@hostgator.com,812-149-5887,2,Eggendart
593,82,283,Rachele,Stoddard,54,Female,775,rstoddardgg@blogs.com,830-817-0924,610,Buell
594,71,228,Madge,Pidcock,27,Female,684,mpidcockgh@google.co.jp,513-403-1004,63333,Shoshone
595,71,75,Noland,Trickett,40,Male,646,ntrickettgi@jigsy.com,202-881-8279,3,Saint Paul
596,151,167,Benni,Renvoise,59,Genderfluid,788,brenvoisegj@thetimes.co.uk,248-619-4933,436,Randy
597,108,47,Barn,Henryson,45,Male,811,bhenrysongk@mashable.com,415-431-9970,80791,Hazelcrest
598,52,113,Karna,Comar,53,Female,811,kcomargl@digg.com,706-366-3632,86,Darwin
599,129,227,Arvy,Killingbeck,48,Male,652,akillingbeckgm@forbes.com,330-712-0019,43620,Killdeer
600,93,75,Halsey,Pounder,50,Male,735,hpoundergn@sakura.ne.jp,202-415-0304,5000,Northwestern
601,120,170,Roley,Ratchford,34,Male,745,rratchfordgo@miibeian.gov.cn,517-884-5454,9016,Bartelt
602,81,107,Anallese,McCloud,22,Female,816,amccloudgp@reuters.com,813-140-7676,420,Michigan
603,18,287,Hally,Lamkin,65,Female,813,hlamkingq@dailymotion.com,254-287-9150,3301,Summer Ridge
604,172,75,Carlen,Roll,45,Female,744,crollgr@mozilla.org,202-572-5847,55,Sutteridge
605,115,53,Maureene,Iacomini,62,Female,849,miacominigs@rakuten.co.jp,707-952-5094,690,Forster
606,64,35,Florance,Stoute,40,Female,732,fstoutegt@tumblr.com,209-603-9201,6,Thierer
607,120,190,Sissy,Dust,56,Female,781,sdustgu@icq.com,775-728-2072,70553,Lakewood
608,140,272,Delainey,Everix,57,Male,726,deverixgv@reddit.com,915-879-6778,740,Golf Course
609,45,231,Napoleon,Pilsworth,18,Male,638,npilsworthgw@cnet.com,937-317-1695,39,Mockingbird
610,147,79,Rafaelita,Climpson,50,Female,762,rclimpsongx@rambler.ru,941-688-0586,37,Lukken
611,50,75,Toiboid,Buzzing,55,Male,697,tbuzzinggy@apple.com,202-137-7672,742,Westridge
612,74,121,Antonella,Jessop,62,Agender,697,ajessopgz@ebay.co.uk,208-849-2970,3803,Delaware
613,40,77,Gretna,De Robertis,58,Female,713,gderobertish0@networkadvertising.org,941-303-7000,224,Towne
614,138,36,Pris,Safe,40,Female,825,psafeh1@bing.com,951-238-0662,54,Nobel
615,153,144,Larisa,Etheredge,40,Female,775,letheredgeh2@aol.com,859-581-0508,44,Buena Vista
616,111,265,Leonie,Lynnitt,37,Female,816,llynnitth3@chron.com,512-390-4865,2,Vidon
617,121,55,Thorstein,Brackley,35,Male,831,tbrackleyh4@about.me,209-992-0973,7255,Bellgrove
618,107,272,Abbie,Kilshall,40,Male,811,akilshallh5@fc2.com,915-531-4482,61,Butternut
619,98,309,Witty,Laborda,40,Male,684,wlabordah6@icio.us,608-552-5626,5387,Schurz
620,144,223,Jessi,Nutley,56,Female,683,jnutleyh7@ucla.edu,919-108-3110,424,Northfield
621,20,206,Gwendolin,Holtaway,59,Female,785,gholtawayh8@aol.com,716-120-4453,31080,Center
622,96,141,Leela,McGinnell,55,Female,839,lmcginnellh9@wiley.com,913-866-5751,34,Tennessee
623,100,44,Bernelle,Avraham,30,Female,823,bavrahamha@intel.com,916-391-9728,326,Scott
624,43,10,Theodor,Thurnham,49,Male,753,tthurnhamhb@cbsnews.com,602-100-5450,509,Cody
625,171,142,Lonny,McCrann,52,Male,784,lmccrannhc@topsy.com,785-116-4684,7591,Grayhawk
626,101,48,Jennette,Bercevelo,46,Female,802,jbercevelohd@addthis.com,408-238-4402,76,Ryan
627,35,141,Aida,Boorne,20,Female,825,aboornehe@virginia.edu,913-466-0409,8502,Mcguire
628,93,112,Way,Hammerstone,27,Male,806,whammerstonehf@taobao.com,404-139-9155,77637,Quincy
629,10,188,Nil,McDuall,23,Male,729,nmcduallhg@state.tx.us,402-127-2678,3,Blue Bill Park
630,40,63,Paddy,Ragles,43,Male,694,pragleshh@spiegel.de,719-842-8529,8,Harper
631,108,107,Cassey,Daltrey,61,Female,831,cdaltreyhi@china.com.cn,813-695-2573,734,Moulton
632,124,303,Ardelia,D'Ugo,62,Female,636,adugohj@cmu.edu,509-490-0567,327,Independence
633,71,120,Trey,Slingsby,39,Male,840,tslingsbyhk@microsoft.com,808-810-0161,13,Starling
634,141,92,Finley,Trassler,20,Male,638,ftrasslerhl@eventbrite.com,786-887-1014,4551,Blue Bill Park
635,174,3,Augustin,Shrimplin,55,Male,728,ashrimplinhm@yale.edu,256-311-2101,8,Waubesa
636,120,141,Noemi,Clurow,51,Female,710,nclurowhn@fc2.com,816-774-3301,8,Cambridge
637,22,44,Graeme,Falkous,23,Male,731,gfalkousho@php.net,916-386-5699,4417,Vahlen
638,109,125,Vikki,Ace,38,Female,765,vacehp@reverbnation.com,773-627-8115,44762,Northport
639,132,75,Ines,Nursey,29,Female,804,inurseyhq@google.ru,202-258-1624,977,Ridge Oak
640,178,210,Ermengarde,Bloore,54,Female,767,ebloorehr@msu.edu,212-863-6689,7,Tomscot
641,120,206,Bethanne,Bonnin,32,Female,702,bbonninhs@angelfire.com,716-627-8128,8649,Cardinal
642,119,53,Arnold,Gerraty,56,Male,771,agerratyht@mit.edu,707-654-5231,7,Northview
643,52,93,Erda,Gooder,35,Female,634,egooderhu@google.fr,305-269-8192,77091,Miller
644,139,10,Nichols,Seccombe,25,Male,684,nseccombehv@trellian.com,480-251-3904,16,Lakewood
645,173,272,Nicolea,Fantini,53,Female,715,nfantinihw@noaa.gov,915-206-7834,663,Randy
646,91,123,Estrellita,Lacky,52,Female,827,elackyhx@nifty.com,630-993-1374,949,Evergreen
647,58,24,Avery,Praton,63,Male,732,apratonhy@google.es,559-832-8006,27426,Londonderry
648,136,254,Mort,Ygoe,60,Male,767,mygoehz@samsung.com,843-490-8288,395,Commercial
649,143,219,Feodora,Rodell,28,Female,742,frodelli0@senate.gov,704-434-2407,17368,Ilene
650,91,308,Roseann,Prall,26,Female,679,rpralli1@unc.edu,920-141-7855,4,Namekagon
651,54,129,Katalin,Haffner,33,Female,668,khaffneri2@gov.uk,217-244-3751,77056,Del Sol
652,37,75,Gelya,Rowan,50,Female,766,growani3@amazon.de,202-746-9379,57214,Mayer
653,113,181,Alameda,Ferier,63,Female,786,aferieri4@cyberchimps.com,816-389-9496,58,Clemons
654,7,249,Torin,Jessel,39,Male,749,tjesseli5@oakley.com,401-282-3138,7,Blaine
655,86,195,Koressa,Kerbler,34,Female,757,kkerbleri6@parallels.com,775-192-6113,7013,Sunfield
656,120,125,Kizzee,Robelow,50,Agender,649,krobelowi7@pen.io,312-529-7509,7,Lunder
657,175,230,Vally,Larraway,19,Female,722,vlarrawayi8@marriott.com,614-895-7249,8,Doe Crossing
658,24,276,Timmie,Pohling,26,Genderfluid,661,tpohlingi9@godaddy.com,713-616-4485,7656,Mcbride
659,140,111,Erasmus,Beldan,64,Genderfluid,756,ebeldania@qq.com,813-997-5421,7,Maryland
660,136,302,Dennie,Blazej,21,Female,651,dblazejib@npr.org,206-758-8168,62,Corscot
661,8,46,Chrissie,L'argent,59,Female,848,clargentic@businessweek.com,619-222-8032,46255,4th
662,120,242,Gaby,Joderli,63,Female,766,gjoderliid@goodreads.com,717-941-4485,61180,Walton
663,143,146,Christi,Burnhams,38,Agender,774,cburnhamsie@goodreads.com,502-469-3179,8672,Rigney
664,82,169,Pedro,Whelan,66,Male,824,pwhelanif@amazon.co.uk,810-754-4358,2904,Rigney
665,38,295,Georgena,Mathivat,42,Polygender,759,gmathivatig@blog.com,757-433-0204,1622,Comanche
666,37,302,Kelwin,Lamond,56,Male,635,klamondih@cam.ac.uk,206-332-1531,85989,John Wall
667,92,141,Jocko,Rogerot,49,Male,751,jrogerotii@delicious.com,913-414-8455,4704,Farragut
668,46,125,Edy,Lainton,51,Female,675,elaintonij@guardian.co.uk,773-232-7226,9156,Macpherson
669,124,34,Madelena,Taig,28,Female,756,mtaigik@icio.us,323-390-3321,24632,Arkansas
670,79,228,Barde,Alexsandrovich,36,Male,796,balexsandrovichil@163.com,513-693-0318,98,Eastlawn
671,78,270,Alverta,Haberfield,23,Female,850,ahaberfieldim@multiply.com,972-381-1366,9,Bunting
672,24,10,Bayard,O'Fielly,63,Male,780,bofiellyin@abc.net.au,602-451-2498,762,Washington
673,2,235,Corabella,Dener,21,Female,841,cdenerio@weibo.com,405-776-8248,7,Sheridan
674,128,285,Yorgo,Stansall,48,Male,824,ystansallip@hexun.com,254-942-6816,91803,Browning
675,110,107,Del,Naper,63,Female,666,dnaperiq@tinypic.com,813-330-8854,16,Myrtle
676,54,10,Betta,Belchamp,59,Female,817,bbelchampir@msu.edu,602-763-3643,1,Bartelt
677,24,133,Cletis,Whaley,36,Male,709,cwhaleyis@usnews.com,317-815-6542,394,Bluestem
678,113,178,Raynell,Jakolevitch,28,Female,847,rjakolevitchit@bloomberg.com,601-472-1648,777,Westend
679,91,120,Spense,Marfell,46,Male,738,smarfelliu@cpanel.net,808-528-2798,0,Canary
680,29,140,Catherine,Lally,52,Female,736,clallyiv@cdbaby.com,913-123-6875,66272,Forster
681,124,228,Leanora,Currum,28,Female,737,lcurrumiw@msn.com,513-805-6881,2199,Center
682,113,212,Solly,Stronach,27,Male,706,sstronachix@nsw.gov.au,212-780-1567,489,Westport
683,93,154,Hermine,Saker,28,Female,817,hsakeriy@bandcamp.com,410-663-0795,68974,Scoville
684,18,281,Caryn,Wherrit,50,Female,761,cwherritiz@123-reg.co.uk,972-168-8870,93,Petterle
685,137,270,Windy,Blything,61,Female,667,wblythingj0@altervista.org,214-404-6922,38858,Paget
686,47,291,Abram,Clibbery,20,Male,802,aclibberyj1@sbwire.com,571-694-8262,1,Talisman
687,54,82,Thomasa,Abelovitz,62,Female,724,tabelovitzj2@uol.com.br,772-127-4974,415,Glendale
688,110,273,Yardley,Di Roberto,40,Male,754,ydirobertoj3@squarespace.com,817-110-3453,4540,Trailsway
689,79,87,Jenni,Rose,63,Female,770,jrosej4@craigslist.org,904-158-6317,808,Oakridge
690,143,305,Susy,Wallege,38,Female,804,swallegej5@unc.edu,304-548-7496,0,Valley Edge
691,43,236,Gert,Farncomb,48,Female,689,gfarncombj6@jiathis.com,405-290-1757,128,Sundown
692,100,181,Tiertza,Kemm,54,Female,788,tkemmj7@wsj.com,816-927-6998,4392,Village
693,100,256,Blinny,Northleigh,38,Female,658,bnorthleighj8@amazonaws.com,605-613-3669,434,Sunfield
694,71,305,Arlette,Skitterel,60,Female,643,askitterelj9@taobao.com,304-223-3052,9356,Maple Wood
695,57,272,Benjie,Pollock,42,Bigender,690,bpollockja@wix.com,915-627-0232,23,Waxwing
696,57,75,Dewie,Willstrop,66,Male,681,dwillstropjb@ow.ly,202-474-4106,73344,Bluestem
697,87,24,Jennie,Cammoile,48,Female,842,jcammoilejc@google.co.jp,559-648-4144,864,Drewry
698,8,291,Homer,Georgiev,43,Male,636,hgeorgievjd@mac.com,571-765-4175,2515,West
699,67,7,Elvis,Cockton,38,Male,744,ecocktonje@webs.com,907-819-2594,6060,Clyde Gallagher
700,22,110,Noel,Law,62,Male,665,nlawjf@wunderground.com,863-236-9922,17503,Pond
701,68,148,Carlin,MacGilpatrick,45,Female,761,cmacgilpatrickjg@cnet.com,225-671-4739,9144,Canary
702,122,214,Jesselyn,Klais,38,Female,786,jklaisjh@nature.com,518-466-7499,27,Raven
703,101,308,Branden,Milton,51,Male,673,bmiltonji@state.tx.us,920-316-0310,62961,Monica
704,38,24,Emmy,Daynter,53,Male,664,edaynterjj@t.co,559-284-4292,64071,Northfield
705,38,234,Bette,Duffie,31,Female,687,bduffiejk@usa.gov,330-487-7737,64,Oxford
706,59,75,Kamilah,Varnals,49,Female,815,kvarnalsjl@unicef.org,202-325-2085,3,Anzinger
707,144,293,Jamil,Stanlock,56,Male,664,jstanlockjm@about.com,571-274-0535,27608,Lakeland
708,79,141,Geoffry,Whenman,66,Male,734,gwhenmanjn@smugmug.com,913-975-7664,218,Sachs
709,112,38,Bartie,Arrighini,47,Male,715,barrighinijo@ebay.com,323-368-0786,72099,Ridgeway
710,69,34,Astrix,Torrie,45,Female,830,atorriejp@sfgate.com,213-284-4063,68358,Eastlawn
711,81,237,Rayner,Planke,22,Male,818,rplankejq@mac.com,405-224-5389,33,Stephen
712,1,175,Tye,Ivashnikov,26,Male,746,tivashnikovjr@cnbc.com,763-377-6364,351,Oakridge
713,88,265,Carlo,Pruce,63,Male,848,cprucejs@ucla.edu,512-997-4199,4,Knutson
714,169,121,Janice,Craster,48,Female,744,jcrasterjt@taobao.com,208-876-2444,9402,Center
715,110,226,Robby,Perl,19,Male,756,rperlju@facebook.com,701-475-2869,1581,Pepper Wood
716,143,305,Amaleta,Honeywood,50,Female,740,ahoneywoodjv@abc.net.au,304-413-9864,91793,Jana
717,144,75,Boyd,Richin,41,Male,787,brichinjw@sciencedirect.com,202-314-8541,18643,Jenna
718,58,50,Elsie,Rolf,21,Female,756,erolfjx@over-blog.com,650-396-5678,68,Brentwood
719,59,237,Abba,Segoe,55,Male,815,asegoejy@nydailynews.com,405-798-1360,4860,6th
720,169,18,Tyne,Stoneman,27,Female,677,tstonemanjz@over-blog.com,626-481-5746,87,Helena
721,113,230,Kania,Lowless,32,Female,844,klowlessk0@tinypic.com,614-193-1085,6603,Spaight
722,71,298,Broddie,Darbyshire,39,Male,655,bdarbyshirek1@zdnet.com,804-423-6076,2782,Red Cloud
723,64,55,Dawna,Somerton,34,Female,837,dsomertonk2@yellowpages.com,209-951-7409,1532,Nova
724,133,151,Konstance,Schwerin,42,Female,824,kschwerink3@hc360.com,504-991-6776,18794,Barby
725,107,262,Elsey,Kits,24,Female,782,ekitsk4@nyu.edu,325-520-8417,95,Kim
726,165,302,Deloria,Coldridge,56,Female,751,dcoldridgek5@nymag.com,425-802-1089,0,Walton
727,99,230,Peri,Jameson,32,Female,805,pjamesonk6@cpanel.net,614-697-1978,79,Moose
728,135,270,Maddie,Tolliday,48,Female,692,mtollidayk7@google.com.au,214-201-5185,23840,Center
729,153,220,Tracie,Brugman,22,Male,634,tbrugmank8@xinhuanet.com,919-638-7947,8099,Hansons
730,113,269,Justinian,Chamberlaine,58,Male,787,jchamberlainek9@mlb.com,361-406-3611,12,Charing Cross
731,48,92,Sly,Maffey,30,Male,729,smaffeyka@whitehouse.gov,305-600-4150,15,Basil
732,39,154,Hamilton,Manhood,19,Male,785,hmanhoodkb@oakley.com,410-576-7142,4897,Onsgard
733,39,198,Dory,Rodda,37,Male,805,droddakc@ask.com,201-806-0083,388,Heath
734,123,69,Ric,Bandy,28,Male,712,rbandykd@altervista.org,860-516-8738,308,Ilene
735,175,169,Ulysses,Howarth,21,Male,694,uhowarthke@t-online.de,810-659-1366,98,Melrose
736,133,155,Sidnee,Craker,37,Male,826,scrakerkf@nature.com,301-855-9926,906,Cottonwood
737,120,75,Raymond,Caughan,43,Male,746,rcaughankg@prlog.org,202-665-8817,56976,David
738,24,283,Rayshell,Gauld,39,Female,818,rgauldkh@wisc.edu,210-913-4746,1748,Mockingbird
739,20,307,Zia,Hebard,34,Bigender,772,zhebardki@pagesperso-orange.fr,304-552-3454,8709,Gerald
740,136,301,Benson,Harrod,18,Male,662,bharrodkj@samsung.com,206-899-1340,5,American Ash
741,92,175,Giustina,Schapero,41,Female,849,gschaperokk@woothemes.com,612-885-3178,124,Ohio
742,43,176,Deane,Marsland,35,Non-binary,662,dmarslandkl@webs.com,651-677-2043,2674,Northview
743,157,87,Gianina,Beaze,38,Female,702,gbeazekm@livejournal.com,904-431-2685,815,Northview
744,69,108,Kamilah,Livermore,55,Female,842,klivermorekn@virginia.edu,772-928-9011,2,Hayes
745,122,107,Mikkel,Iozefovich,61,Polygender,769,miozefovichko@amazon.co.uk,813-222-7952,5636,Del Mar
746,160,99,Bartholemy,Torbeck,39,Male,717,btorbeckkp@live.com,850-650-3375,5,Reindahl
747,54,99,Emelen,Scandred,20,Male,767,escandredkq@csmonitor.com,850-932-8266,5,Lukken
748,55,272,Myrilla,Deniset,42,Female,764,mdenisetkr@sciencedaily.com,915-558-6912,96,West
749,163,19,Pierre,Snaith,34,Male,843,psnaithks@ca.gov,626-365-4785,60948,Paget
750,89,306,Olenka,Kincade,34,Female,814,okincadekt@cbslocal.com,304-876-6334,687,Stang
751,100,64,Cristionna,Ulrik,48,Female,687,culrikku@joomla.org,720-570-6743,403,Sachtjen
752,99,218,Finn,Taylor,24,Male,823,ftaylorkv@auda.org.au,828-304-1139,8019,Mallard
753,102,238,Garv,Rosbottom,41,Male,777,grosbottomkw@fc2.com,918-391-6287,4243,Bunker Hill
754,121,75,Hill,Merigot,35,Male,674,hmerigotkx@ftc.gov,202-346-9882,3228,Melrose
755,32,269,Jennilee,Coales,24,Female,657,jcoalesky@aboutads.info,361-990-5507,737,Barby
756,84,305,Towny,Longman,61,Male,797,tlongmankz@abc.net.au,304-868-4811,44,Becker
757,100,222,Raina,Couvert,42,Female,683,rcouvertl0@dailymail.co.uk,336-485-5830,529,Bluejay
758,71,125,Ciel,Cotton,25,Non-binary,633,ccottonl1@ning.com,312-620-9707,21,Service
759,47,85,Marne,Lalonde,35,Female,804,mlalondel2@behance.net,954-633-1977,83824,Hoard
760,135,44,Sterne,Lanphier,40,Male,731,slanphierl3@amazon.com,916-866-6889,2,Macpherson
761,81,69,Shem,Lemanu,26,Male,722,slemanul4@netscape.com,860-815-0440,35,Dovetail
762,175,44,Natala,Korb,18,Female,840,nkorbl5@prlog.org,916-723-4593,38339,Birchwood
763,70,265,Emerson,Fogg,21,Male,767,efoggl6@pbs.org,512-679-9212,8382,Jackson
764,121,32,Luigi,French,29,Male,792,lfrenchl7@t-online.de,661-228-8392,8,Clemons
765,71,262,Brett,Purchon,60,Male,744,bpurchonl8@ebay.com,325-682-3145,300,Red Cloud
766,158,167,Opalina,Dampier,41,Female,847,odampierl9@wordpress.org,313-953-8321,335,Erie
767,142,129,Kin,McCrann,41,Male,666,kmccrannla@soundcloud.com,217-353-6883,93,Golf View
768,62,165,Ebenezer,Hillum,31,Male,634,ehillumlb@aboutads.info,269-347-5425,3,Carpenter
769,39,231,Ransom,Grigore,40,Male,801,rgrigorelc@bluehost.com,937-858-9713,794,Nancy
770,83,151,Carson,Bront,64,Male,732,cbrontld@nsw.gov.au,504-231-5962,6659,Dayton
771,42,145,Ashby,Edwards,53,Male,762,aedwardsle@yahoo.co.jp,606-882-8786,69,Corben
772,88,276,Valida,Isabell,53,Bigender,749,visabelllf@freewebs.com,713-386-8427,7,Westport
773,110,34,Padriac,Tosdevin,50,Male,720,ptosdevinlg@google.nl,323-285-6623,28213,Village
774,69,259,Jude,Millsap,37,Male,757,jmillsaplh@statcounter.com,901-923-4526,11,Corben
775,112,15,Guglielmo,Cregg,61,Non-binary,733,gcreggli@nba.com,501-231-9485,44454,Schurz
776,157,244,Tracey,Barkley,60,Female,815,tbarkleylj@smh.com.au,412-211-2102,87,Di Loreto
777,75,109,Hermia,Whitsey,50,Female,767,hwhitseylk@cargocollective.com,561-757-4772,7,Westport
778,36,52,Georgi,Kubasek,40,Male,654,gkubasekll@uol.com.br,310-288-6972,23247,Hazelcrest
779,5,112,Devora,Sliman,55,Bigender,827,dslimanlm@imgur.com,404-336-2691,381,Iowa
780,122,259,Arley,Goodey,30,Male,844,agoodeyln@ftc.gov,901-534-2299,45,Upham
781,58,306,Jesselyn,Hamson,59,Female,772,jhamsonlo@google.fr,304-999-7899,72844,Tennyson
782,26,55,Katine,Neary,29,Genderfluid,740,knearylp@biglobe.ne.jp,209-307-0607,8,Surrey
783,97,191,Whitby,Jacombs,38,Male,733,wjacombslq@ebay.co.uk,702-612-8717,60475,Loeprich
784,38,245,Stepha,Galiero,47,Female,725,sgalierolr@dedecms.com,610-825-3316,4,Little Fleur
785,18,270,Kiah,Claworth,66,Female,790,kclaworthls@thetimes.co.uk,214-660-4498,39,6th
786,137,280,Mercie,Tampion,20,Female,757,mtampionlt@opera.com,806-739-3771,71748,Golf View
787,140,175,Rufus,Demangeon,41,Male,831,rdemangeonlu@fastcompany.com,612-133-0290,92532,Haas
788,75,44,Kev,McMylor,42,Male,747,kmcmylorlv@mlb.com,916-403-1162,32,Melrose
789,102,276,Tory,McCalum,45,Female,747,tmccalumlw@rambler.ru,713-420-5413,2,Knutson
790,170,202,Darryl,d'Escoffier,20,Female,842,ddescoffierlx@marketwatch.com,505-282-9322,306,Lien
791,178,263,Tally,Fiddymont,38,Male,774,tfiddymontly@examiner.com,806-302-3320,69,Burning Wood
792,42,116,Lula,McCullagh,33,Female,811,lmccullaghlz@upenn.edu,770-628-2859,25699,Butternut
793,166,133,Renelle,Hug,66,Female,821,rhugm0@phpbb.com,317-162-6957,63,Drewry
794,35,305,Marya,Estick,36,Female,821,mestickm1@stanford.edu,304-772-3315,37,Mcbride
795,41,212,Ernest,Ciepluch,65,Male,791,eciepluchm2@google.co.uk,212-342-9704,18,Hansons
796,53,58,Hyacinth,Dubber,24,Female,727,hdubberm3@globo.com,559-464-8726,598,Ilene
797,175,148,Jodee,Ghelardoni,40,Female,711,jghelardonim4@blogspot.com,225-284-9200,935,Drewry
798,74,228,Skippy,Le feuvre,66,Male,787,slefeuvrem5@amazon.co.uk,513-583-0302,61,Summerview
799,180,48,Ambros,Morde,64,Agender,704,amordem6@trellian.com,408-919-9738,553,Green
800,41,28,Lawrence,Sephton,44,Non-binary,848,lsephtonm7@epa.gov,415-219-3356,26446,Forest
801,130,175,Barby,Guinane,20,Female,791,bguinanem8@chron.com,763-690-1297,61,Annamark
802,155,302,Banky,Christaeas,35,Male,838,bchristaeasm9@ed.gov,360-381-3990,9528,Dunning
803,170,92,Emalia,Croall,34,Female,809,ecroallma@comcast.net,954-207-8457,8,Northland
804,123,75,Zared,Sibson,58,Male,636,zsibsonmb@yellowbook.com,703-693-7261,1321,Jackson
805,176,212,Darwin,Burgwin,35,Male,754,dburgwinmc@kickstarter.com,212-246-8259,98,Bunting
806,64,275,Stephani,Castagneto,25,Female,733,scastagnetomd@gmpg.org,469-530-2300,96,Menomonie
807,14,289,Emmet,Rushmere,49,Male,783,erushmereme@photobucket.com,801-899-2435,87,Mitchell
808,24,44,Anjela,Boyford,63,Agender,734,aboyfordmf@dmoz.org,916-488-8623,746,Hazelcrest
809,74,183,Dora,Calan,48,Female,670,dcalanmg@pen.io,314-309-3793,3065,Packers
810,56,181,Halsey,Perott,61,Male,678,hperottmh@alibaba.com,816-106-2381,88,Anzinger
811,104,87,Ilene,Scholey,29,Female,762,ischoleymi@columbia.edu,904-750-2787,6899,Judy
812,20,280,Ingaborg,Treadger,52,Female,688,itreadgermj@toplist.cz,806-142-1519,315,Melvin
813,20,61,Victoir,Clurow,32,Male,822,vclurowmk@issuu.com,303-241-8289,5982,8th
814,53,164,Madonna,Stickins,23,Female,778,mstickinsml@github.com,734-465-3628,773,Moland
815,137,265,Barrie,Drakers,51,Male,701,bdrakersmm@gnu.org,512-888-6445,12,Cody
816,110,212,Marin,Ausiello,49,Female,740,mausiellomn@yolasite.com,917-796-8563,33,Oxford
817,142,208,Althea,Bathersby,22,Female,808,abathersbymo@networkadvertising.org,718-928-3669,70984,Hauk
818,167,4,Chris,Zucker,45,Male,678,czuckermp@privacy.gov.au,251-900-3696,545,Oak Valley
819,36,236,Adler,Silliman,35,Male,715,asillimanmq@ocn.ne.jp,405-154-3518,4456,Judy
820,33,211,Sauveur,Maile,33,Male,677,smailemr@patch.com,914-853-0645,932,Daystar
821,120,194,Alfons,Dongall,18,Male,665,adongallms@patch.com,775-236-8182,3,Shopko
822,111,233,Eleanora,Heeley,33,Female,655,eheeleymt@wikimedia.org,419-655-9381,6,Harper
823,39,78,Kiersten,Yeldon,39,Female,661,kyeldonmu@twitpic.com,561-861-4629,5,Farragut
824,22,205,Corbin,Jillett,58,Male,657,cjillettmv@oakley.com,718-591-7916,24871,Dayton
825,2,205,Xever,Trimbey,37,Male,642,xtrimbeymw@vistaprint.com,646-601-5960,80289,Upham
826,138,279,Durant,Laise,38,Male,719,dlaisemx@salon.com,254-358-5804,29,Helena
827,153,239,Siffre,Gallatly,51,Male,788,sgallatlymy@si.edu,971-183-9308,70,Hoard
828,49,283,Norina,McIntosh,30,Female,768,nmcintoshmz@behance.net,210-901-4753,5,Scott
829,24,298,Mason,Lindroos,66,Male,850,mlindroosn0@paginegialle.it,804-364-6805,8,Butternut
830,69,178,Carey,Hayesman,53,Female,830,chayesmann1@youtu.be,601-951-3539,3110,Katie
831,47,118,Barnabe,O'Kuddyhy,32,Male,669,bokuddyhyn2@dailymail.co.uk,478-146-4448,7203,Porter
832,107,141,Imojean,Biaggelli,59,Female,841,ibiaggellin3@noaa.gov,913-990-0484,46,Di Loreto
833,34,75,Orran,Grantham,55,Male,635,ogranthamn4@google.co.uk,202-960-7289,2,Mosinee
834,80,199,Catarina,Loncaster,58,Non-binary,639,cloncastern5@usda.gov,862-794-4081,3417,Florence
835,39,151,Jephthah,Bernardoni,19,Male,704,jbernardonin6@loc.gov,504-323-7001,614,Loomis
836,54,147,Blaine,Brunskill,47,Male,846,bbrunskilln7@state.gov,318-234-7097,5,Springs
837,87,229,Ddene,Horstead,52,Female,659,dhorsteadn8@guardian.co.uk,216-489-1880,77,Cardinal
838,53,192,Brnaba,McCarrell,22,Male,707,bmccarrelln9@webnode.com,702-713-9477,49303,Schiller
839,39,283,Alexandros,Hargie,56,Male,846,ahargiena@blog.com,210-321-3243,6660,Bobwhite
840,88,276,Caitrin,Cuttelar,18,Female,739,ccuttelarnb@accuweather.com,713-885-8164,3,Tennyson
841,121,262,Boonie,Lenham,28,Male,684,blenhamnc@home.pl,325-705-6924,9654,John Wall
842,37,26,Klemens,Middell,47,Male,680,kmiddellnd@indiegogo.com,714-977-9711,91725,Crowley
843,53,1,Regen,Hengoed,62,Male,630,rhengoedne@zdnet.com,205-796-3351,47,Algoma
844,143,64,Vernor,Blenkharn,25,Male,666,vblenkharnnf@java.com,303-979-9661,292,Bluejay
845,67,272,Monica,Hotchkin,29,Female,690,mhotchkinng@deliciousdays.com,915-437-5619,5,Ryan
846,146,171,Maurits,Van Oord,50,Male,832,mvanoordnh@goo.ne.jp,989-293-8070,4359,Garrison
847,31,261,Valenka,Caslane,36,Female,798,vcaslaneni@histats.com,615-729-2022,896,Esker
848,40,230,Wendeline,Mountfort,33,Female,796,wmountfortnj@free.fr,614-436-3325,54990,Badeau
849,144,203,Shawn,Crofthwaite,31,Male,789,scrofthwaitenk@bbc.co.uk,518-536-1841,79616,Monica
850,86,186,Jeanie,Caiger,39,Female,706,jcaigernl@google.nl,406-747-4328,7,Helena
851,65,92,Trumann,Fielder,55,Male,671,tfieldernm@timesonline.co.uk,305-838-6317,7091,Clemons
852,41,6,Alisander,Amyes,26,Male,764,aamyesnn@redcross.org,205-938-1423,164,Hoepker
853,57,1,Leanna,Saltsberg,42,Female,785,lsaltsbergno@bloomberg.com,205-402-5895,5600,Warner
854,137,10,Jeramey,Dewfall,62,Male,760,jdewfallnp@ft.com,602-438-5851,2,Mendota
855,48,125,Mayne,Ziehm,29,Polygender,729,mziehmnq@netvibes.com,312-507-4919,1,Raven
856,38,39,Mara,Ecclestone,41,Female,690,mecclestonenr@upenn.edu,510-927-4202,3,Dapin
857,164,228,Amery,Gameson,34,Male,715,agamesonns@state.gov,513-133-1530,1713,Nevada
858,141,128,Serena,Heustace,22,Female,841,sheustacent@joomla.org,309-304-0875,33,Schlimgen
859,22,148,Desmund,Winsiowiecki,52,Male,828,dwinsiowieckinu@technorati.com,225-719-2543,9464,Rieder
860,162,286,Steward,Cooke,35,Male,681,scookenv@w3.org,903-993-2490,70,Bowman
861,175,181,Shawn,Vaughton,20,Male,687,svaughtonnw@naver.com,816-740-2901,769,Oak Valley
862,89,42,Steven,Harlin,56,Male,725,sharlinnx@fda.gov,626-363-4176,1,Jenna
863,17,133,Gwennie,Sharrier,28,Female,848,gsharrierny@trellian.com,317-819-7224,639,Kings
864,103,199,Lowrance,Bushrod,60,Male,704,lbushrodnz@adobe.com,201-466-0690,3,Wayridge
865,134,64,Kizzee,Karpfen,20,Female,641,kkarpfeno0@friendfeed.com,303-581-2208,5,Thompson
866,32,244,Ricky,Yesinov,21,Female,800,ryesinovo1@mozilla.org,412-416-7975,1,Sauthoff
867,37,160,Arman,Defraine,56,Male,631,adefraineo2@alibaba.com,413-987-1063,709,Shasta
868,57,106,Wilden,Ferebee,57,Male,746,wferebeeo3@msu.edu,850-175-8845,3441,Merry
869,175,246,Roselin,Dumbellow,54,Female,653,rdumbellowo4@dmoz.org,570-314-7852,55,Transport
870,125,225,Price,Rothermel,40,Male,698,prothermelo5@unicef.org,701-386-8048,34,Mcbride
871,137,64,Ingeborg,Whitworth,60,Female,848,iwhitwortho6@google.fr,303-496-6324,61,Hoepker
872,141,20,Ferrel,Pepis,64,Male,671,fpepiso7@macromedia.com,661-798-7721,55,Moose
873,182,181,Cathleen,Moncreiff,47,Female,777,cmoncreiffo8@studiopress.com,816-627-6858,72,Meadow Valley
874,30,159,Ewan,Garfoot,57,Male,645,egarfooto9@wikimedia.org,508-965-6326,69909,Reinke
875,40,71,Shurlocke,Wellan,32,Male,735,swellanoa@wordpress.org,203-739-7520,35,Moulton
876,137,261,Moss,Broddle,63,Male,813,mbroddleob@guardian.co.uk,615-784-0512,29,Vernon
877,67,272,Hewett,Guppy,60,Male,796,hguppyoc@360.cn,915-338-4430,6050,Mifflin
878,112,47,Bethany,Abba,43,Female,661,babbaod@usa.gov,415-187-2974,85,Portage
879,140,239,Dayna,Stockow,61,Female,684,dstockowoe@state.tx.us,503-344-4551,8188,Hermina
880,70,162,Pauly,Heymes,33,Male,692,pheymesof@toplist.cz,339-493-1572,33030,Crescent Oaks
881,179,75,Darb,Dairton,51,Male,760,ddairtonog@fotki.com,202-807-6720,90,Arrowood
882,151,213,Tammy,Eustace,47,Male,762,teustaceoh@sfgate.com,585-966-3108,183,Kinsman
883,23,276,Farly,Simkiss,19,Polygender,671,fsimkissoi@51.la,832-509-4863,38303,Scofield
884,130,212,Gus,Mayho,21,Male,755,gmayhooj@people.com.cn,212-334-6833,3,Thompson
885,11,178,Thatcher,Tiplady,54,Male,653,ttipladyok@vimeo.com,601-909-8856,49,Spenser
886,23,242,Ambrose,Strank,50,Male,712,astrankol@linkedin.com,717-524-2837,34,Di Loreto
887,64,5,Kare,Lusher,60,Female,807,klusherom@furl.net,334-124-6120,60,Homewood
888,118,37,Johannes,Freddi,58,Male,765,jfreddion@businessweek.com,650-340-2462,96,Del Sol
889,83,31,Ximenez,Bonnick,39,Male,824,xbonnickoo@mayoclinic.com,510-423-6519,1476,Atwood
890,24,244,Lenore,Haddinton,23,Female,832,lhaddintonop@youtube.com,412-247-6798,464,Amoth
891,23,239,Bradford,Beaten,29,Male,766,bbeatenoq@is.gd,971-234-6484,3,Crest Line
892,110,272,Liza,McIlveen,40,Female,810,lmcilveenor@irs.gov,915-535-4502,7332,Lukken
893,114,232,Delilah,Mansuer,48,Female,639,dmansueros@paypal.com,419-902-5486,29,Colorado
894,157,87,Cecelia,Ciccarello,34,Female,731,cciccarelloot@weather.com,904-831-1006,79039,Anthes
895,113,260,Rufe,Bryenton,41,Male,724,rbryentonou@t.co,615-532-1435,7,Gina
896,121,112,Odo,Swains,37,Male,821,oswainsov@miibeian.gov.cn,678-494-0391,51,Washington
897,129,138,Garth,Basant,52,Genderqueer,721,gbasantow@macromedia.com,515-673-7070,14,Golden Leaf
898,24,152,Inna,Gatehouse,43,Genderqueer,780,igatehouseox@ftc.gov,318-507-0836,3923,Stoughton
899,159,92,Marcelia,Pressland,44,Female,683,mpresslandoy@berkeley.edu,305-562-7093,6,Petterle
900,138,20,Priscilla,Fancourt,40,Female,638,pfancourtoz@netvibes.com,661-789-9416,5782,Manitowish
901,108,87,Erny,Beswell,24,Non-binary,713,ebeswellp0@chronoengine.com,904-755-9796,29597,Charing Cross
902,44,135,Greggory,Harbidge,57,Male,685,gharbidgep1@alibaba.com,574-949-4670,5,Columbus
903,21,200,Tamarah,Kearsley,63,Female,774,tkearsleyp2@aboutads.info,609-264-3258,56,Lotheville
904,41,149,Astrid,Elfleet,59,Female,715,aelfleetp3@simplemachines.org,337-565-7055,1,Pond
905,125,257,Odell,Orgee,60,Male,814,oorgeep4@dropbox.com,423-384-3457,1660,Havey
906,157,284,Rennie,Pagen,59,Female,702,rpagenp5@yahoo.com,713-392-3335,929,Spohn
907,10,161,Bernhard,Bidnall,20,Male,772,bbidnallp6@angelfire.com,781-446-1281,83645,Porter
908,90,302,Kristofor,Cowpertwait,37,Male,811,kcowpertwaitp7@flickr.com,425-164-6113,6924,Ridgeway
909,101,150,Isabelle,Hacun,30,Female,736,ihacunp8@economist.com,337-117-6259,1,Red Cloud
910,40,124,Julian,Pagelsen,37,Male,794,jpagelsenp9@businessinsider.com,309-832-9988,6,Pankratz
911,119,213,Abey,Casier,30,Male,717,acasierpa@gov.uk,585-631-1583,1,Dayton
912,47,135,Lucienne,Realph,64,Female,778,lrealphpb@bandcamp.com,574-194-4835,3968,Havey
913,50,289,Meghann,Trembley,23,Genderfluid,836,mtrembleypc@exblog.jp,435-329-3431,9,Annamark
914,95,228,Olia,Bernardy,20,Female,669,obernardypd@hao123.com,513-424-7156,2,Northwestern
915,118,144,Debbi,Rookwell,47,Female,782,drookwellpe@abc.net.au,859-739-2316,17930,Hazelcrest
916,110,75,Aubert,McVeighty,22,Male,650,amcveightypf@google.nl,202-981-8599,2,Express
917,82,231,Clare,Yeudall,18,Female,762,cyeudallpg@jalbum.net,937-293-8802,510,Vera
918,129,203,Peg,McCrae,39,Female,846,pmccraeph@walmart.com,518-633-7882,2,Fremont
919,89,172,Orton,Audry,30,Male,681,oaudrypi@bloglines.com,586-854-8739,46,Florence
920,93,57,Neda,Salvin,37,Female,686,nsalvinpj@sina.com.cn,310-219-1269,16,Fallview
921,24,212,Zeke,Kindleysides,64,Male,782,zkindleysidespk@goodreads.com,212-601-6007,33285,Bluejay
922,64,125,Willabella,Grealish,42,Female,653,wgrealishpl@bluehost.com,312-679-3026,3,Hallows
923,95,134,Rinaldo,Hebner,47,Male,836,rhebnerpm@soundcloud.com,812-752-5498,9,Bobwhite
924,70,180,Earl,Alden,46,Male,802,ealdenpn@spotify.com,573-873-7357,880,Transport
925,24,212,Chauncey,Frenchum,29,Male,844,cfrenchumpo@unc.edu,212-532-6435,9922,Canary
926,80,46,Shanda,Gent,59,Female,650,sgentpp@jugem.jp,619-480-6931,1264,Stuart
927,18,129,Michaeline,Filippello,21,Female,689,mfilippellopq@blogspot.com,217-833-5681,1,1st
928,93,122,Kinsley,Durkin,29,Male,793,kdurkinpr@howstuffworks.com,208-433-0858,1057,Carpenter
929,45,271,Karisa,Offener,35,Female,792,koffenerps@oaic.gov.au,817-500-7889,285,Havey
930,120,300,Deanna,Cradick,19,Female,798,dcradickpt@ftc.gov,757-601-4964,5,Waxwing
931,71,117,Elly,Kilfether,61,Female,704,ekilfetherpu@wordpress.org,770-332-3569,8078,Towne
932,102,237,Trevor,Greatreax,60,Male,705,tgreatreaxpv@timesonline.co.uk,405-688-7067,91,Toban
933,121,158,Sloan,Cowthart,56,Male,633,scowthartpw@prlog.org,781-289-3299,1,Marquette
934,109,272,Rodina,Swettenham,44,Female,668,rswettenhampx@abc.net.au,915-857-9742,48,Northland
935,50,14,Sophronia,Sayward,50,Female,752,ssaywardpy@constantcontact.com,520-350-4300,51081,Duke
936,163,212,Antonina,Dasent,60,Female,701,adasentpz@rambler.ru,212-784-9857,6,Derek
937,107,310,Freddy,Bisgrove,49,Male,753,fbisgroveq0@soundcloud.com,414-496-8945,5,Nancy
938,105,165,Selestina,Crees,33,Female,842,screesq1@printfriendly.com,269-877-8463,3,Roxbury
939,153,281,Keelby,Adamovsky,64,Male,823,kadamovskyq2@zimbio.com,214-324-8624,375,Lillian
940,152,256,Rupert,Byk,28,Male,700,rbykq3@yale.edu,605-397-9612,60671,Dryden
941,153,261,Raffaello,Campione,60,Male,785,rcampioneq4@yolasite.com,615-559-4270,928,Meadow Vale
942,171,270,Ernst,Bernat,46,Male,808,ebernatq5@livejournal.com,214-268-4349,92593,Huxley
943,92,140,Nonna,Roddam,32,Female,636,nroddamq6@mozilla.org,913-824-5464,23,West
944,94,264,Edouard,Townsend,32,Male,635,etownsendq7@usgs.gov,817-347-8483,317,Chinook
945,121,265,Angelico,Bhatia,59,Genderfluid,691,abhatiaq8@discovery.com,512-315-5543,53,Hoepker
946,124,299,Cchaddie,Jeacop,52,Male,736,cjeacopq9@phpbb.com,540-868-0860,4757,Dixon
947,121,34,Thorny,Audsley,55,Male,654,taudsleyqa@devhub.com,213-796-7794,19,Sachs
948,156,230,Selig,Dowers,34,Male,823,sdowersqb@timesonline.co.uk,513-424-8406,829,Hazelcrest
949,89,127,Dalston,Atheis,33,Male,818,datheisqc@free.fr,847-428-0438,5326,Logan
950,54,96,Ax,Edmunds,23,Male,662,aedmundsqd@w3.org,407-168-5348,13,Oneill
951,53,65,Ario,Inchcomb,50,Male,721,ainchcombqe@archive.org,303-500-9187,5331,Manley
952,102,98,Boote,Echelle,52,Male,785,bechelleqf@amazon.de,850-791-8694,7,Continental
953,59,170,August,Redihough,51,Male,760,aredihoughqg@msn.com,517-448-1335,1320,Grover
954,74,138,Nerte,Orchart,22,Female,673,norchartqh@gnu.org,515-424-3920,1490,Sycamore
955,38,244,Garvy,Abriani,53,Male,725,gabrianiqi@paginegialle.it,412-938-1544,63862,Green Ridge
956,137,75,Gerhard,Staines,19,Male,812,gstainesqj@php.net,202-803-1516,64198,Eagle Crest
957,181,125,Nevsa,Pettecrew,38,Female,716,npettecrewqk@com.com,773-150-8717,859,Ruskin
958,86,239,Fraze,Greenier,18,Male,712,fgreenierql@imgur.com,503-381-7613,685,Heath
959,143,44,Michaelina,Manuele,65,Female,848,mmanueleqm@nytimes.com,916-678-1227,29,Oneill
960,180,205,Brennen,Davenport,63,Male,683,bdavenportqn@ucoz.com,347-199-8407,9,Huxley
961,101,107,Marlane,Matanin,34,Polygender,655,mmataninqo@mashable.com,813-966-2918,57098,Schurz
962,86,304,Grethel,Lilbourne,27,Female,676,glilbourneqp@fotki.com,253-765-6024,8,Vahlen
963,53,181,Wyatt,Wickling,64,Male,820,wwicklingqq@altervista.org,816-680-5028,23,Farwell
964,83,73,Urson,MacEnelly,54,Male,713,umacenellyqr@booking.com,302-486-3844,15200,Roxbury
965,93,119,Salaidh,Osgorby,53,Non-binary,801,sosgorbyqs@biblegateway.com,912-278-3978,35411,Ryan
966,142,117,Brittany,Apfel,49,Agender,801,bapfelqt@g.co,678-155-0437,357,Leroy
967,15,189,Damien,Vinas,21,Male,830,dvinasqu@discovery.com,402-953-8298,6,Mayer
968,119,224,Gerik,Graine,41,Male,786,ggraineqv@tuttocitta.it,336-533-1248,14,Northport
969,107,302,Sher,Powlett,50,Female,678,spowlettqw@dion.ne.jp,206-823-1678,2,Pennsylvania
970,36,151,Elyssa,Shakle,30,Female,692,eshakleqx@cdbaby.com,504-458-7346,1956,Northfield
971,169,189,Brnaba,Phillipson,23,Polygender,788,bphillipsonqy@ebay.com,402-906-6357,69,La Follette
972,64,96,Hamlin,Stripp,25,Male,708,hstrippqz@mozilla.com,407-666-1279,461,Everett
973,112,310,Boothe,Sponer,47,Male,812,bsponerr0@live.com,414-187-7226,309,Hanson
974,137,128,Hall,Marre,31,Male,839,hmarrer1@mozilla.org,309-494-3193,907,Carberry
975,96,1,Myca,Oaten,55,Male,780,moatenr2@wsj.com,205-720-8521,2724,Menomonie
976,101,207,Chandler,Auguste,51,Male,740,cauguster3@imgur.com,607-849-5089,303,Starling
977,108,231,Dari,Girardeau,26,Female,739,dgirardeaur4@mit.edu,937-617-5168,380,Aberg
978,143,84,Sylvan,Tregian,32,Male,669,stregianr5@nbcnews.com,786-799-5208,104,Glacier Hill
979,49,142,Carolus,Touzey,41,Male,650,ctouzeyr6@wikia.com,785-136-4506,707,Jana
980,123,75,Jedd,Joul,26,Male,781,jjoulr7@twitpic.com,202-560-5366,3429,Duke
981,144,276,Fredia,Antunes,33,Female,739,fantunesr8@msn.com,281-227-4341,48,Troy
982,136,75,Catlin,Persse,36,Female,661,cpersser9@tiny.cc,202-337-2830,5644,Menomonie
983,40,223,Marvin,Pray,53,Male,743,mprayra@freewebs.com,919-693-6780,7418,Coleman
984,29,34,Linoel,Vettore,53,Male,670,lvettorerb@abc.net.au,562-448-4918,59,Village Green
985,108,175,Kristien,Apfler,32,Polygender,722,kapflerrc@google.com.au,612-299-5197,73,Vera
986,23,266,Marlon,Pryce,49,Male,679,mprycerd@msn.com,409-508-2209,3,Vera
987,145,48,Peyter,Muglestone,38,Genderfluid,660,pmuglestonere@dailymotion.com,408-168-1551,19,Knutson
988,108,58,Gar,Ashfield,66,Male,780,gashfieldrf@hubpages.com,209-512-1285,575,Forster
989,51,101,Orv,Traske,65,Male,809,otraskerg@prweb.com,772-236-3909,84,Moland
990,109,244,Timmi,Richmont,38,Female,728,trichmontrh@uol.com.br,-5346,4668,Orin
991,33,212,Berti,Copestake,44,Female,841,bcopestakeri@joomla.org,917-918-8980,33178,Lillian
992,169,144,Cyb,Haselden,56,Female,786,chaseldenrj@simplemachines.org,859-120-1473,395,Sullivan
993,122,227,Wyatan,Hourahan,58,Male,680,whourahanrk@yale.edu,330-239-2085,639,Thackeray
994,24,214,Malachi,Rhys,34,Male,706,mrhysrl@fc2.com,518-624-6088,15,Caliangt
995,163,243,Karly,Murthwaite,61,Female,652,kmurthwaiterm@bloglovin.com,215-134-0096,83917,Mosinee
996,113,140,Cully,Alford,65,Male,647,calfordrn@tinyurl.com,913-112-7413,3,Graedel
997,23,92,Emelyne,Chance,58,Female,737,echancero@people.com.cn,305-581-4440,27,Farwell
998,15,107,Dave,Skyner,58,Male,705,dskynerrp@prlog.org,813-831-6018,5277,Arkansas
999,107,74,Margeaux,Bonnor,33,Female,783,mbonnorrq@macromedia.com,302-296-9544,19,Crest Line
1000,109,156,Stacia,Asquith,30,Female,789,sasquithrr@parallels.com,202-835-8939,32765,Jay
